sample_id,timestamp,agent_name,event_id,event_record_id,script_block_id,fragment_count
PST-001,2026-07-17T11:35:24.346+0200,Windows-Host,4104,721274,777b26ba-ee04-437a-874f-e8e9450b38f9,1
PST-002,2026-07-17T11:35:24.582+0200,Windows-Host,4104,721289,4f5c374f-24f4-4aa7-bc2f-5456705525f8,1
PST-003,2026-07-17T11:35:25.260+0200,Windows-Host,4104,721292,dd8b2dc8-0fa1-41ea-8dce-e7a513fcb77b,1
PST-004,2026-07-17T11:35:25.276+0200,Windows-Host,4104,721298,68622779-1caf-4164-abe4-0e23fa361c76,1
PST-005,2026-07-17T11:35:25.283+0200,Windows-Host,4104,721301,953ef77d-a0f3-4116-ae94-dc9f6de670c0,1
PST-006,2026-07-17T11:35:26.289+0200,Windows-Host,4104,721306,fde79fe3-5839-4518-8cfc-b38b6ab035a4,1
PST-007,2026-07-17T11:35:26.320+0200,Windows-Host,4104,721321,8205fa2f-e9fb-4659-a6b0-638e4083a988,1
PST-008,2026-07-17T11:35:34.510+0200,Windows-Host,4104,721417,66069552-91e3-44f8-80ca-82b0a3fa20e4,1
PST-009,2026-07-17T11:35:34.655+0200,Windows-Host,4104,721431,fafedcde-d6a2-477f-a45b-7a1cfe464c33,1
PST-010,2026-07-17T11:35:34.670+0200,Windows-Host,4104,721433,2643a03f-5ea6-44b8-abc2-5117734d10c3,1
PST-011,2026-07-17T11:35:35.543+0200,Windows-Host,4104,721435,1740d1f0-125d-479b-8938-5802753cfe3f,1
PST-012,2026-07-17T11:35:35.551+0200,Windows-Host,4104,721439,d6f8741a-d8a4-4a69-baf0-e23a51467a2d,1
PST-013,2026-07-17T11:35:35.565+0200,Windows-Host,4104,721445,bece8900-cfb6-46b0-926e-985a1c6f2df0,1
PST-014,2026-07-17T11:35:36.578+0200,Windows-Host,4104,721449,ae42ea01-e822-4ab0-9378-ada20492737b,1
PST-015,2026-07-17T11:35:36.630+0200,Windows-Host,4104,721465,3f3e5a2b-8cd9-4bc9-b844-c372f511a15e,1
PST-016,2026-07-17T11:35:36.662+0200,Windows-Host,4104,721467,58b17f1c-9887-4c0e-b298-0306504edf15,1
PST-017,2026-07-17T11:35:37.592+0200,Windows-Host,4104,721484,24d1942a-fdee-42b3-869d-56d18d26afe5,1
PST-018,2026-07-17T11:35:37.649+0200,Windows-Host,4104,721489,2eb3b735-85d6-4f8f-bf69-033e5bb97511,1
PST-019,2026-07-17T11:35:37.710+0200,Windows-Host,4104,721493,3dfc415a-003c-4904-85a0-ba6b915502f1,1
PST-020,2026-07-17T11:35:38.659+0200,Windows-Host,4104,721508,31139fba-d1d2-4128-9b37-55661bc8753f,1
PST-021,2026-07-17T11:35:38.856+0200,Windows-Host,4104,721522,a14fded2-e11e-4daf-aa4a-00c86bcf26f6,1
PST-022,2026-07-17T11:35:38.900+0200,Windows-Host,4104,721525,229e971e-1600-4e59-8417-b328179f4a97,1
PST-023,2026-07-17T11:35:40.789+0200,Windows-Host,4104,721551,848c7b5e-53eb-4d43-a616-89ee84ec3766,1
PST-024,2026-07-17T11:35:40.799+0200,Windows-Host,4104,721555,d7e2011a-2c71-4944-940b-21cfb54c0ca8,1
PST-025,2026-07-17T11:35:40.808+0200,Windows-Host,4104,721559,27618776-c7b5-45e7-b9bd-c9e8db38cb52,1
PST-026,2026-07-17T11:35:41.940+0200,Windows-Host,4104,721561,2677efa9-c6a5-4fab-a7bb-687e13244cde,1
PST-027,2026-07-17T11:35:42.074+0200,Windows-Host,4104,721575,d5a3778d-7dc5-44cf-8b17-d1f8d77a1aab,1
PST-028,2026-07-17T11:35:42.969+0200,Windows-Host,4104,721578,b2af3d56-d619-4505-8bf4-abb02b346f02,1
PST-029,2026-07-17T11:35:42.977+0200,Windows-Host,4104,721582,ad0bb236-3bb9-4262-bbe8-04a3c58d0df0,1
PST-030,2026-07-17T11:35:44.289+0200,Windows-Host,4104,721603,e2d4c628-2d2f-4f40-8f77-70a0fa0356c6,1
PST-031,2026-07-17T11:35:44.336+0200,Windows-Host,4104,721606,d3821113-3a8e-4085-b7f9-db0a2480cb9e,1
PST-032,2026-07-17T11:35:45.125+0200,Windows-Host,4104,721610,b69af7de-4f75-44a6-bf3f-6c627e02931c,1
PST-033,2026-07-17T11:35:45.131+0200,Windows-Host,4104,721613,d7d73619-688c-42b4-a39e-9a4d2ba02d63,1
PST-034,2026-07-17T11:35:46.203+0200,Windows-Host,4104,721628,165c591b-9f0a-4394-bd41-f1dd51faff97,1
PST-035,2026-07-17T11:35:46.206+0200,Windows-Host,4104,721629,c0638034-0b91-4112-bce0-b7ae8f8de743,1
PST-036,2026-07-17T11:35:46.215+0200,Windows-Host,4104,721632,5a236cb3-1f8d-45e9-9c3c-509db340a32c,1
PST-037,2026-07-17T11:35:46.294+0200,Windows-Host,4104,721637,e66c52bb-4670-4d7a-aaa4-71377fabbb98,1
PST-038,2026-07-17T11:35:47.332+0200,Windows-Host,4104,721639,f42d7fc0-5231-4b4d-aa1a-e967124be132,1
PST-039,2026-07-17T11:35:47.336+0200,Windows-Host,4104,721641,aa06255f-e554-4b7d-ae8b-621ec4c605ab,1
PST-040,2026-07-17T11:35:47.343+0200,Windows-Host,4104,721645,84fb42e5-ed6e-4982-a23b-a48debfa5728,1
PST-041,2026-07-17T11:35:48.375+0200,Windows-Host,4104,721648,def90ffa-49ee-4be4-b7d1-31fea05407b9,1
PST-042,2026-07-17T11:35:48.549+0200,Windows-Host,4104,721661,a831476d-1b6c-4c75-bda9-375d3a84e6f7,1
PST-043,2026-07-17T11:35:48.610+0200,Windows-Host,4104,721665,ef087561-3749-45ec-9d6d-ac9f4015054f,1
PST-044,2026-07-17T11:35:49.415+0200,Windows-Host,4104,721669,bc69ef68-296d-4a74-9325-4a850b4f96c9,1
PST-045,2026-07-17T11:35:49.419+0200,Windows-Host,4104,721671,7e3828f8-b9dc-4a43-9f91-8d124bc7d25b,1
PST-046,2026-07-17T11:35:49.454+0200,Windows-Host,4104,721685,847d2673-18fd-4d17-b928-51fef79b27ec,1
PST-047,2026-07-17T11:35:50.498+0200,Windows-Host,4104,721687,6f5768a7-4423-4eae-846a-42c22bd1fa48,1
PST-048,2026-07-17T11:35:50.502+0200,Windows-Host,4104,721689,c7ae52c9-ed36-4a55-aed8-8ef06d7d0932,1
PST-049,2026-07-17T11:35:50.511+0200,Windows-Host,4104,721693,fc1426a8-ed3a-41a7-84c6-9d5601c3eae3,1
PST-050,2026-07-17T11:35:50.522+0200,Windows-Host,4104,721697,1c1dddff-baa1-4623-a06d-95a0d5ed8b0b,1
PST-051,2026-07-17T11:35:51.567+0200,Windows-Host,4104,721701,878b0401-1dcb-49a3-b6d2-0a4d34a6aecd,1
PST-052,2026-07-17T11:35:51.711+0200,Windows-Host,4104,721714,a60b670a-78fc-4390-824b-7a87548b66b3,1
PST-053,2026-07-17T11:35:51.712+0200,Windows-Host,4104,721716,fc35a5c4-1176-4bb5-b06d-cccfb076b217,1
PST-054,2026-07-17T11:35:52.626+0200,Windows-Host,4104,721719,7cb9137a-6820-4fe9-8722-e458ec741172,1
PST-055,2026-07-17T11:35:52.631+0200,Windows-Host,4104,721723,ed93d300-9644-42ed-a2b0-d017c48a1c16,1
PST-056,2026-07-17T11:35:52.650+0200,Windows-Host,4104,721727,783e2604-1eb7-4297-892f-1d40a24c0c32,1
PST-057,2026-07-17T11:35:54.734+0200,Windows-Host,4104,721804,4c54e487-b765-462a-83f5-8e1148dc1936,1
PST-058,2026-07-17T11:35:54.759+0200,Windows-Host,4104,721807,c843cf6e-b094-4bd0-83b7-719195dea2f6,1
PST-059,2026-07-17T11:35:54.962+0200,Windows-Host,4104,721821,ba784878-77b5-4aaa-b5a2-0e7e59afba78,1
PST-060,2026-07-17T11:35:55.748+0200,Windows-Host,4104,721823,f93885df-4ae5-4510-b69e-4470251a1921,1
PST-061,2026-07-17T11:35:55.751+0200,Windows-Host,4104,721825,b876b669-8365-446a-97e9-e82a28b3e3c6,1
PST-062,2026-07-17T11:35:55.763+0200,Windows-Host,4104,721830,beab8933-e6c9-4468-8636-78fb2be39cc9,1
PST-063,2026-07-17T11:35:56.760+0200,Windows-Host,4104,721834,69313e31-30a7-4654-8287-a75ffaa8b501,1
PST-064,2026-07-17T11:35:56.767+0200,Windows-Host,4104,721837,b4818898-e894-475f-861f-89fca4888719,1
PST-065,2026-07-17T11:35:56.798+0200,Windows-Host,4104,721840,86182632-8e8e-474a-adfe-e10b64a53d25,1
PST-066,2026-07-17T11:35:57.855+0200,Windows-Host,4104,721854,8e06ab11-0d79-4a20-bac0-76c482b186e4,1
PST-067,2026-07-17T11:35:57.861+0200,Windows-Host,4104,721857,5be7130c-353e-410a-8dbd-759c68bc8b56,1
PST-068,2026-07-17T11:35:57.867+0200,Windows-Host,4104,721860,6262c777-65d4-48e4-b9ff-d20e723e6c22,1
PST-069,2026-07-17T11:35:58.921+0200,Windows-Host,4104,721875,55afd688-8696-4197-b564-df0a22a9ac0d,1
PST-070,2026-07-17T11:35:58.928+0200,Windows-Host,4104,721878,1cc30005-adda-41d4-869a-62446b44e33f,1
PST-071,2026-07-17T11:35:58.931+0200,Windows-Host,4104,721879,f11af174-45f7-416f-a7ae-bf7cb44e9d54,1
PST-072,2026-07-17T11:35:59.943+0200,Windows-Host,4104,721882,6f601b90-1f8a-4e9d-a366-8a5c3d9256f6,1
PST-073,2026-07-17T11:35:59.956+0200,Windows-Host,4104,721887,e4020163-a6aa-4a4c-b345-3a9990a94fe4,1
PST-074,2026-07-17T11:35:59.987+0200,Windows-Host,4104,721889,65f79a7f-312b-4095-b3e2-0749677fa807,1
PST-075,2026-07-17T11:36:00.048+0200,Windows-Host,4104,721893,e84c0872-01b5-4520-869a-360f47c4f0e3,1
PST-076,2026-07-17T11:36:01.041+0200,Windows-Host,4104,721896,0c84a334-cddf-458e-ad53-3b9aaf72fe05,1
PST-077,2026-07-17T11:36:01.198+0200,Windows-Host,4104,721909,c40b0bef-6b95-49bc-8437-f8a61f8fdb5f,1
PST-078,2026-07-17T11:36:03.188+0200,Windows-Host,4104,721932,bb650d0c-fb28-41dc-b5ac-a0c402dc61ba,1
PST-079,2026-07-17T11:36:03.191+0200,Windows-Host,4104,721934,14fbaae1-e757-49fa-9a37-0d65be6c8032,1
PST-080,2026-07-17T11:36:03.203+0200,Windows-Host,4104,721940,b59cc80d-e3f1-4d2d-ba7c-c1fe6affc7e2,1
PST-081,2026-07-17T11:36:04.243+0200,Windows-Host,4104,721942,7c97e40a-7568-4a63-a393-bad24d189416,1
PST-082,2026-07-17T11:36:04.249+0200,Windows-Host,4104,721944,e7b697dd-4d18-4861-867c-3379d0f63aa1,1
PST-083,2026-07-17T11:36:04.258+0200,Windows-Host,4104,721948,78ea57c0-5d7d-4ae1-8acf-1aa9984cf8fb,1
PST-084,2026-07-17T11:36:05.300+0200,Windows-Host,4104,721951,faf9d73d-1395-4e22-ab61-97b7852f4418,1
PST-085,2026-07-17T11:36:05.433+0200,Windows-Host,4104,721964,f5b2b900-58ca-4181-aaf1-4cee8ab0a90b,1
PST-086,2026-07-17T11:36:05.479+0200,Windows-Host,4104,721967,282b201f-4bd5-468a-9110-2d09f6210a20,1
PST-087,2026-07-17T11:36:06.317+0200,Windows-Host,4104,721971,c0af7646-1be4-4588-bd4a-d5e867083e72,1
PST-088,2026-07-17T11:36:06.360+0200,Windows-Host,4104,721987,cfc6f670-8b95-401f-a349-480f65c350bf,1
PST-089,2026-07-17T11:36:06.365+0200,Windows-Host,4104,721989,aac006de-5f38-4aa2-a7aa-ce4834057510,1
PST-090,2026-07-17T11:36:07.355+0200,Windows-Host,4104,721993,85dcb97b-0d7b-4d8f-a9b9-02c3609288c7,1
PST-091,2026-07-17T11:36:07.392+0200,Windows-Host,4104,722009,5e7d0f77-54b4-483e-9758-c324a54b8fc7,1
PST-092,2026-07-17T11:36:07.411+0200,Windows-Host,4104,722016,15f109ec-c999-4f5c-98b0-012c6c83f87d,1
PST-093,2026-07-17T11:36:08.366+0200,Windows-Host,4104,722020,daed9f8a-50d8-45d2-a516-3d8f1154222c,1
PST-094,2026-07-17T11:36:10.515+0200,Windows-Host,4104,722126,a58bf74f-7320-4d45-8ec1-7334bbeff2b5,1
PST-095,2026-07-17T11:36:10.619+0200,Windows-Host,4104,722140,75b5eb4f-9592-4991-823d-eb4ae600ebe8,1
PST-096,2026-07-17T11:36:11.566+0200,Windows-Host,4104,722144,8fdaed40-a571-4fca-a952-ce0a53b89746,1
PST-097,2026-07-17T11:36:11.577+0200,Windows-Host,4104,722149,353cea9d-cd1e-420e-b85e-bbaba2ce6ae1,1
PST-098,2026-07-17T11:36:11.586+0200,Windows-Host,4104,722152,008ab309-01a8-4b29-8c09-7caee40d04c2,1
PST-099,2026-07-17T11:36:12.653+0200,Windows-Host,4104,722166,9a5cbedc-706e-425d-ad72-3189b455bcba,1
PST-100,2026-07-17T11:36:12.654+0200,Windows-Host,4104,722167,ca5ee854-25d8-4f83-816e-e12bcc4a3be5,1
PST-101,2026-07-17T11:36:12.692+0200,Windows-Host,4104,722170,e1f243b8-d8b8-48b8-8a4b-2a9df77feda7,1
PST-102,2026-07-17T11:36:13.694+0200,Windows-Host,4104,722175,e96daaae-4cc2-4b2a-80a6-aa572cb90b54,1
PST-103,2026-07-17T11:36:13.708+0200,Windows-Host,4104,722179,eaeaedb0-9114-46c1-aca4-7c59d189e980,1
PST-104,2026-07-17T11:36:13.713+0200,Windows-Host,4104,722183,baf587ee-37b2-44b7-a32f-1922ea60091b,1
PST-105,2026-07-17T11:36:14.734+0200,Windows-Host,4104,722197,88239602-f4f0-4e2a-98e7-0064230d43a7,1
PST-106,2026-07-17T11:36:14.738+0200,Windows-Host,4104,722199,200cd131-b9d8-4f8b-a83e-869ecb29d764,1
PST-107,2026-07-17T11:36:14.747+0200,Windows-Host,4104,722203,e784965c-62eb-496b-abc9-aab966827dc8,1
PST-108,2026-07-17T11:36:15.767+0200,Windows-Host,4104,722207,8ea0bcee-8d6b-4c9b-877c-2c8fac05ad12,1
PST-109,2026-07-17T11:36:15.931+0200,Windows-Host,4104,722232,00d0982d-a8b5-4d2b-b8fa-44bb1702c23f,1
PST-110,2026-07-17T11:36:15.960+0200,Windows-Host,4104,722234,f72fd631-62aa-4aca-9c1e-0ce1a9780920,1
PST-111,2026-07-17T11:36:16.791+0200,Windows-Host,4104,722237,5d3663db-b63e-4bfd-88ad-280735821991,1
PST-112,2026-07-17T11:36:16.797+0200,Windows-Host,4104,722241,d5a9cfed-489a-47df-9875-8e6cbb65e7f3,1
PST-113,2026-07-17T11:36:16.799+0200,Windows-Host,4104,722242,4371e8ae-bb5b-4300-9ddb-737bdddd4d02,1
PST-114,2026-07-17T11:36:17.627+0200,Windows-Host,4104,722246,ce518e27-f1ba-46c7-b276-514b4ecbd3b2,1
PST-115,2026-07-17T11:36:17.634+0200,Windows-Host,4104,722250,fe48bdf8-2a54-4a39-a00c-1b5f689a117f,1
PST-116,2026-07-17T11:36:18.865+0200,Windows-Host,4104,722296,742c99e0-cae1-4292-ab58-85761324f6b4,1
PST-117,2026-07-17T11:36:21.667+0200,Windows-Host,4104,722427,3f3ee02a-fd51-4446-ad9f-d3cba8717bbc,1
PST-118,2026-07-17T11:36:21.677+0200,Windows-Host,4104,722431,edd276e0-7122-4b23-a980-2bec139d4cb2,1
PST-119,2026-07-17T11:36:22.768+0200,Windows-Host,4104,722445,f0d2f4ba-64a5-4122-965a-3983df454beb,1
PST-120,2026-07-17T11:36:22.775+0200,Windows-Host,4104,722448,fb546f54-1b5a-4f17-9911-bfabbce2e6c7,1
PST-121,2026-07-17T11:36:22.785+0200,Windows-Host,4104,722452,8694f25b-9c8b-47d2-a04e-6d4a85e2b05e,1
PST-122,2026-07-17T11:36:23.330+0200,Windows-Host,4104,722467,b7b5f1f8-293b-40ff-83da-a354076a0ba8,1
PST-123,2026-07-17T11:36:23.335+0200,Windows-Host,4104,722468,c3d9b757-0bd0-4093-bacd-4d4e7b60c53d,1
PST-124,2026-07-17T11:36:24.818+0200,Windows-Host,4104,722509,1e102a03-017e-4ff7-b71b-09d3dc1caad4,1
PST-125,2026-07-17T11:36:24.839+0200,Windows-Host,4104,722512,e91554ce-d24d-4586-ba2f-e7490774b484,1
PST-126,2026-07-17T11:36:28.063+0200,Windows-Host,4104,722555,cfd343dc-86db-4704-bbcf-59ce61b9179d,1
PST-127,2026-07-17T11:36:28.086+0200,Windows-Host,4104,722558,4f2cda98-48af-4228-88fc-3951f8145d56,1
PST-128,2026-07-17T11:36:28.101+0200,Windows-Host,4104,722562,aded2e90-2548-4e26-8901-1529258811e2,1
PST-129,2026-07-17T11:36:29.148+0200,Windows-Host,4104,722575,9e74730d-0c68-4dd8-b5a8-c059e98b3353,1
PST-130,2026-07-17T11:36:29.153+0200,Windows-Host,4104,722577,fb403ee3-2273-4195-be7a-1b924c78b9db,1
PST-131,2026-07-17T11:36:29.160+0200,Windows-Host,4104,722580,dfc518cb-e013-43d9-b342-1dcdeb401348,1
PST-132,2026-07-17T11:36:30.206+0200,Windows-Host,4104,722585,c31a0956-50fa-4e15-8870-9b3ed693ad84,1
PST-133,2026-07-17T11:36:30.211+0200,Windows-Host,4104,722587,94da08a0-5425-4d1b-bb7e-5d33ba6a7603,1
PST-134,2026-07-17T11:36:30.219+0200,Windows-Host,4104,722591,f9895679-6c96-4db0-9fdd-b5b48bec41a3,1
PST-135,2026-07-17T11:36:31.290+0200,Windows-Host,4104,722606,370f0418-1718-481c-af00-0fd81570b99e,1
PST-136,2026-07-17T11:36:31.294+0200,Windows-Host,4104,722608,d080c5de-cf2b-4303-8c76-ec16ecac9cb7,1
PST-137,2026-07-17T11:36:31.303+0200,Windows-Host,4104,722612,79e799f7-72df-4fdd-beb3-a7f75c85ccdc,1
PST-138,2026-07-17T11:36:32.423+0200,Windows-Host,4104,722616,efbe1115-fead-4229-85d2-a3a10231b44c,1
PST-139,2026-07-17T11:36:32.511+0200,Windows-Host,4104,722629,0a5dd4aa-3e7c-4da0-a4d1-4fde3649a991,1
PST-140,2026-07-17T11:36:32.542+0200,Windows-Host,4104,722631,bf1ba6c7-5024-4e1e-944e-c5774e43ce2a,1
PST-141,2026-07-17T11:36:33.443+0200,Windows-Host,4104,722636,a8152bb5-0540-4899-a578-5b6b6a204f73,1
PST-142,2026-07-17T11:36:33.449+0200,Windows-Host,4104,722639,f1a79161-4979-4891-a25e-b9938d2b19e5,1
PST-143,2026-07-17T11:36:33.455+0200,Windows-Host,4104,722642,0b5ee2bd-6986-433d-9adc-0cdf907f9ea4,1
PST-144,2026-07-17T11:36:37.708+0200,Windows-Host,4104,722756,9475418f-2118-4c6c-97a2-93bad3eb1de0,1
PST-145,2026-07-17T11:36:37.719+0200,Windows-Host,4104,722760,672dcdfc-6ed8-4c9b-91bc-70b45b98497a,1
PST-146,2026-07-17T11:36:37.729+0200,Windows-Host,4104,722765,b558ef8a-0b65-4a6f-b624-fc7ce3a6720d,1
PST-147,2026-07-17T11:36:38.762+0200,Windows-Host,4104,722781,d357bc7b-7b86-4c10-b232-dc8d9492e0d0,1
PST-148,2026-07-17T11:36:38.856+0200,Windows-Host,4104,722795,4d72609f-a002-477f-be4f-5eda01cdf7f3,1
PST-149,2026-07-17T11:36:38.902+0200,Windows-Host,4104,722798,c80f57ed-5a21-4abe-bc4c-a6cbb0169246,1
PST-150,2026-07-17T11:36:39.826+0200,Windows-Host,4104,722808,3d9538b8-9dd5-4595-9180-969e1859b685,1
PST-151,2026-07-17T11:36:39.872+0200,Windows-Host,4104,722811,d5ff756d-74bc-42fd-a4d8-ffab51fd269c,1
PST-152,2026-07-17T11:36:40.837+0200,Windows-Host,4104,722825,434c76b2-bcee-45d1-9327-614278686e82,1
PST-153,2026-07-17T11:36:40.855+0200,Windows-Host,4104,722826,28b4c492-3489-41f7-a727-67a94f265339,1
PST-154,2026-07-17T11:36:40.881+0200,Windows-Host,4104,722829,09a8ef5e-560c-4475-92ae-5c4c006a6c81,1
PST-155,2026-07-17T11:36:40.942+0200,Windows-Host,4104,722833,d4b92f06-89cd-41b4-a8db-74b1bfeed39c,1
PST-156,2026-07-17T11:36:41.869+0200,Windows-Host,4104,722837,3e7d8ee4-0a75-4df2-b82b-69853be83bc1,1
PST-157,2026-07-17T11:36:41.877+0200,Windows-Host,4104,722841,5ee090fb-1113-4ff4-a30a-9cfd2695ccaf,1
PST-158,2026-07-17T11:36:42.877+0200,Windows-Host,4104,722856,b7e68288-9e35-4dc0-ab7d-cd858de0c646,1
PST-159,2026-07-17T11:36:42.884+0200,Windows-Host,4104,722858,2dcf05fb-5ec6-4365-bb8e-329dc2c63881,1
PST-160,2026-07-17T11:36:42.962+0200,Windows-Host,4104,722863,f679d2f5-0a1a-4a43-976b-b939106b1c8f,1
PST-161,2026-07-17T11:36:43.968+0200,Windows-Host,4104,722866,b72fa222-3b5f-4daa-9ad1-cc09be0fd7ce,1
PST-162,2026-07-17T11:36:43.977+0200,Windows-Host,4104,722870,9a7dc18b-a177-4387-a54c-0aedbb4ab302,1
PST-163,2026-07-17T11:36:44.022+0200,Windows-Host,4104,722873,1eef9795-2d0b-4b70-b734-c9a4914a5b37,1
PST-164,2026-07-17T11:36:45.065+0200,Windows-Host,4104,722888,8dbc7699-63fe-4235-881a-5df26584533f,1
PST-165,2026-07-17T11:36:45.071+0200,Windows-Host,4104,722891,65c3de4e-647b-49be-97a2-87bd9be37d8b,1
PST-166,2026-07-17T11:36:50.588+0200,Windows-Host,4104,722956,3f14f0f1-1938-4a2b-b87d-b4a78cc6cf15,1
PST-167,2026-07-17T11:36:50.595+0200,Windows-Host,4104,722960,08285900-4595-42c2-bfc6-9f25eb089136,1
PST-168,2026-07-17T11:36:50.600+0200,Windows-Host,4104,722963,88268e74-7e4a-4693-b6fc-19fa1b0e70d6,1
PST-169,2026-07-17T11:36:51.756+0200,Windows-Host,4104,722967,e2052e60-02be-43d8-b80e-c539e4752220,1
PST-170,2026-07-17T11:36:51.761+0200,Windows-Host,4104,722969,18b36588-1f30-4e09-b0cd-fcb2d5f22288,1
PST-171,2026-07-17T11:36:51.794+0200,Windows-Host,4104,722984,29338b00-762e-429d-99eb-50dfeb0b3950,1
PST-172,2026-07-17T11:36:52.812+0200,Windows-Host,4104,722988,b840c6c6-784b-456b-a1f5-73cb283ff964,1
PST-173,2026-07-17T11:36:52.817+0200,Windows-Host,4104,722991,0d8b5649-b1f2-474e-8170-aa06d6c4b2a0,1
PST-174,2026-07-17T11:36:52.853+0200,Windows-Host,4104,723006,3ee6269b-2da9-46e2-bf8c-03a14c87c1e7,1
PST-175,2026-07-17T11:36:53.848+0200,Windows-Host,4104,723008,b45007b9-ebea-4f74-b2ec-2334917603b9,1
PST-176,2026-07-17T11:36:53.850+0200,Windows-Host,4104,723009,d5620b7f-bf48-4101-ac58-014e2b91cc48,1
PST-177,2026-07-17T11:36:53.858+0200,Windows-Host,4104,723013,0b1ffff2-2762-4351-b021-722883d466ba,1
PST-178,2026-07-17T11:36:54.907+0200,Windows-Host,4104,723018,dbf493e7-2156-493a-81bf-7cc1a864b743,1
PST-179,2026-07-17T11:36:54.910+0200,Windows-Host,4104,723019,fb1e8b95-0c37-4158-84f5-c43cdf510755,1
PST-180,2026-07-17T11:36:54.935+0200,Windows-Host,4104,723022,1f728bc2-3f61-4a4a-8236-f61dfb156060,1
PST-181,2026-07-17T11:36:58.218+0200,Windows-Host,4104,723065,820f33ac-eedc-4e39-a8c6-1b364fa23660,1
PST-182,2026-07-17T11:36:58.226+0200,Windows-Host,4104,723069,7c8ebd40-0ace-44dd-8b4d-10e04c9b3665,1
PST-183,2026-07-17T11:36:59.234+0200,Windows-Host,4104,723074,c797960f-44e5-4ae1-8689-9c5a0641f1a8,1
PST-184,2026-07-17T11:36:59.445+0200,Windows-Host,4104,723089,e13aeb76-d4eb-4578-b3af-a0a64fcbdf86,1
PST-185,2026-07-17T11:36:59.477+0200,Windows-Host,4104,723091,b3b7be8e-d7b4-419e-afd6-90d27175071c,1
PST-186,2026-07-17T11:37:00.398+0200,Windows-Host,4104,723093,f68b17d9-4aad-454b-9304-10c056b706d1,1
PST-187,2026-07-17T11:37:00.412+0200,Windows-Host,4104,723099,05fa3f07-3ce1-42d9-9ecd-7636b9f33460,1
PST-188,2026-07-17T11:37:00.427+0200,Windows-Host,4104,723103,0bdf2680-187a-4547-a12e-e66267c8db08,1
PST-189,2026-07-17T11:37:06.117+0200,Windows-Host,4104,723170,c316a970-099a-445b-9a26-d60e77560563,1
PST-190,2026-07-17T11:37:06.144+0200,Windows-Host,4104,723184,19efc387-33f1-477a-b64c-335091f3cf19,1
PST-191,2026-07-17T11:37:06.160+0200,Windows-Host,4104,723190,138ec8ac-5436-49ed-8fac-9a12d9eb79ab,1
PST-192,2026-07-17T11:37:07.231+0200,Windows-Host,4104,723194,d0fe4e8d-2c97-44bb-9f69-459b341373c0,1
PST-193,2026-07-17T11:37:07.271+0200,Windows-Host,4104,723209,f873d314-9767-4826-8084-d686f1637f05,1
PST-194,2026-07-17T11:37:07.334+0200,Windows-Host,4104,723214,f3ae28ae-de27-4baa-8698-de7b37cd7819,1
PST-195,2026-07-17T11:37:08.288+0200,Windows-Host,4104,723219,4e3f2ba5-e829-4b29-844c-bc782c9f3793,1
PST-196,2026-07-17T11:37:08.304+0200,Windows-Host,4104,723225,3688d21c-b3d1-4264-9123-805d9518fc6e,1
PST-197,2026-07-17T11:37:08.380+0200,Windows-Host,4104,723251,5b5b79ea-1af8-41ef-8ee2-d6e4769f87c3,1
PST-198,2026-07-17T11:37:09.410+0200,Windows-Host,4104,723253,72cdccc5-0a8a-4935-9ee4-09ecdc4199dd,1
PST-199,2026-07-17T11:37:09.419+0200,Windows-Host,4104,723257,28204e83-3dd2-4edf-807d-c67f9a39829d,1
PST-200,2026-07-17T11:37:09.431+0200,Windows-Host,4104,723262,d14ac0e7-15a7-449e-9970-ed9d8ddb0d1c,1
PST-201,2026-07-17T11:37:10.419+0200,Windows-Host,4104,723267,8da22db4-38d9-45e8-9b98-b5c99ae9ccbc,1
PST-202,2026-07-17T11:37:10.533+0200,Windows-Host,4104,723280,8c4886ae-a70f-448d-8fe2-293a69edef63,1
PST-203,2026-07-17T11:37:10.563+0200,Windows-Host,4104,723282,b7f6ded5-3fe5-4930-9306-6929ec3ae772,1
PST-204,2026-07-17T11:37:10.609+0200,Windows-Host,4104,723285,be1290d0-044b-4ba2-ab52-db44975c086c,1
PST-205,2026-07-17T11:37:11.648+0200,Windows-Host,4104,723288,e29109ae-93fe-4572-8ea9-bad00796ce3b,1
PST-206,2026-07-17T11:37:11.684+0200,Windows-Host,4104,723292,a86993cf-1ee3-40df-9256-615232c16015,1
PST-207,2026-07-17T11:37:11.741+0200,Windows-Host,4104,723296,69904579-3357-4610-ad86-00c7e5bae506,1
PST-208,2026-07-17T11:37:12.699+0200,Windows-Host,4104,723299,cbbef7cf-ef95-422a-a4f7-e2078d7746ee,1
PST-209,2026-07-17T11:37:12.896+0200,Windows-Host,4104,723315,9603c407-05c3-4411-b3f1-23b430e6c34d,1
PST-210,2026-07-17T11:37:13.758+0200,Windows-Host,4104,723317,3d44f5a3-d8c4-422c-b222-5a3a4f138592,1
PST-211,2026-07-17T11:37:13.762+0200,Windows-Host,4104,723320,942f53c1-1a95-4bfa-8d0b-513bf32ea0e2,1
PST-212,2026-07-17T11:37:13.768+0200,Windows-Host,4104,723323,c7a8723b-47fc-403c-9ef7-e8981aea7941,1
PST-213,2026-07-17T11:37:14.812+0200,Windows-Host,4104,723338,dff60424-55c3-496d-a8e8-f7b2ce582871,1
PST-214,2026-07-17T11:37:14.819+0200,Windows-Host,4104,723341,a513e1b3-2b51-483b-a0a8-335a2764dad5,1
PST-215,2026-07-17T11:37:14.821+0200,Windows-Host,4104,723342,bf047804-0b3b-4a35-acdc-c2b4848a292a,1
PST-216,2026-07-17T11:37:15.864+0200,Windows-Host,4104,723345,9c05caaa-d831-41b4-92ef-47b82f5cec38,1
PST-217,2026-07-17T11:37:15.877+0200,Windows-Host,4104,723351,4357ebc0-3e2c-446e-ab8e-983432159a5d,1
PST-218,2026-07-17T11:37:15.881+0200,Windows-Host,4104,723353,8ceffd06-3d77-4074-a807-59c83e6e9fe7,1
PST-219,2026-07-17T11:37:15.891+0200,Windows-Host,4104,723357,5837df53-da5b-4064-a603-f9cce77223e5,1
PST-220,2026-07-17T11:37:17.042+0200,Windows-Host,4104,723371,88e5ae4d-1872-44e4-856c-9be6b61da98a,1
PST-221,2026-07-17T11:37:17.069+0200,Windows-Host,4104,723373,3400c16a-d172-4dec-be06-f0c851d8e12f,1
PST-222,2026-07-17T11:37:17.139+0200,Windows-Host,4104,723378,c9460ba9-a550-45cc-8aef-fa21c8b284f5,1
PST-223,2026-07-17T11:37:18.142+0200,Windows-Host,4104,723383,d7fa5f59-6e18-4809-bf6a-e9e5a5391a3d,1
PST-224,2026-07-17T11:37:18.148+0200,Windows-Host,4104,723386,c16c93a6-f9ff-4f1b-9753-8ac739c8d8c6,1
PST-225,2026-07-17T11:37:18.153+0200,Windows-Host,4104,723389,7dbbce09-acec-4569-a1d3-8c829d982c52,1
PST-226,2026-07-17T11:37:19.235+0200,Windows-Host,4104,723405,62c98a94-aa00-4a22-a07b-bacd371301a3,1
PST-227,2026-07-17T11:37:19.241+0200,Windows-Host,4104,723408,ef93e106-dc88-4924-82d2-07033a6b8693,1
PST-228,2026-07-17T11:37:19.246+0200,Windows-Host,4104,723410,689e7bd2-cada-4053-aec9-fc1351235405,1
PST-229,2026-07-17T11:37:20.360+0200,Windows-Host,4104,723416,178f00df-1d2c-47b4-aeaa-e27acbea8613,1
PST-230,2026-07-17T11:37:20.526+0200,Windows-Host,4104,723429,ee27b816-b0e5-4424-b9a9-2536f58e9036,1
PST-231,2026-07-17T11:37:20.555+0200,Windows-Host,4104,723431,ec86409f-ce72-435b-a624-b99d9b368380,1
PST-232,2026-07-17T11:37:21.332+0200,Windows-Host,4104,723435,624e1e78-1348-469b-a37e-c7a1cbc2a814,1
PST-233,2026-07-17T11:37:22.474+0200,Windows-Host,4104,723486,5c285810-8c3e-4403-abb5-adb211fee028,1
PST-234,2026-07-17T11:37:23.564+0200,Windows-Host,4104,723491,d1976d6d-1080-4999-ad1f-accee06ace24,1
PST-235,2026-07-17T11:37:23.761+0200,Windows-Host,4104,723505,470b5d33-388c-47e5-b3de-01a240faa562,1
PST-236,2026-07-17T11:37:24.823+0200,Windows-Host,4104,723510,ba5ab3ec-bb53-4377-b216-389c115a38a2,1
PST-237,2026-07-17T11:37:24.865+0200,Windows-Host,4104,723514,93bfd346-2ff7-44c0-9cb7-0febd2843b26,1
PST-238,2026-07-17T11:37:24.912+0200,Windows-Host,4104,723517,f9d16cf3-ee04-49e0-8dfa-9505730ad82b,1
PST-239,2026-07-17T11:37:24.974+0200,Windows-Host,4104,723521,2a49b10b-1599-4264-9aa5-d43e731705b6,1
PST-240,2026-07-17T11:37:26.009+0200,Windows-Host,4104,723523,eb27f89b-3b4b-4baa-8c55-fd2d40c234a3,1
PST-241,2026-07-17T11:37:26.066+0200,Windows-Host,4104,723538,410ec2f5-f74f-49fd-a6dd-397751eb03e2,1
PST-242,2026-07-17T11:37:27.104+0200,Windows-Host,4104,723546,c9fba75e-4259-4730-af86-b79b7d78ac7c,1
PST-243,2026-07-17T11:37:27.143+0200,Windows-Host,4104,723549,1a75b3e1-1ac3-4abd-b3e5-767d90e22a09,1
PST-244,2026-07-17T11:37:27.348+0200,Windows-Host,4104,723563,6d437857-fb91-4810-8f9d-0456cfc02384,1
PST-245,2026-07-17T11:37:28.171+0200,Windows-Host,4104,723565,a5895818-95ba-4d72-95e8-9a193d1f5c30,1
PST-246,2026-07-17T11:37:28.175+0200,Windows-Host,4104,723567,f3a9bc31-6cb3-487c-b252-72a55d8499a1,1
PST-247,2026-07-17T11:37:28.227+0200,Windows-Host,4104,723572,dbce3401-72c6-45dd-bafe-830b4347b64a,1
PST-248,2026-07-17T11:37:29.080+0200,Windows-Host,4104,723574,7306863d-e4ca-42c8-88b0-dbb0ce7e632b,1
PST-249,2026-07-17T11:37:29.085+0200,Windows-Host,4104,723576,2b512f82-2ddf-4216-ac4d-da861e15268b,1
PST-250,2026-07-17T11:37:30.530+0200,Windows-Host,4104,723595,0f5dccd9-3683-4050-81e4-24bed357738f,1
PST-251,2026-07-17T11:37:30.577+0200,Windows-Host,4104,723599,cdce393f-0cc0-4412-83cf-310da9ddf7fb,1
PST-252,2026-07-17T11:37:30.622+0200,Windows-Host,4104,723602,169c867d-217d-41dd-a755-71bd05ef1aa8,1
PST-253,2026-07-17T11:37:31.527+0200,Windows-Host,4104,723605,d10ffae6-571d-4d17-8df0-9914fbae822f,1
PST-254,2026-07-17T11:37:31.661+0200,Windows-Host,4104,723619,cce11f62-f3cd-45b2-89d4-e68bad374c81,1
PST-255,2026-07-17T11:37:31.707+0200,Windows-Host,4104,723622,f7d036d1-ab9d-46b0-a2ec-96d4746295c8,1
PST-256,2026-07-17T11:37:32.576+0200,Windows-Host,4104,723625,07756219-1a1b-44ed-a170-a43fd6ff3481,1
PST-257,2026-07-17T11:37:32.590+0200,Windows-Host,4104,723631,7ee19e30-e3e8-4c3d-ab6b-7214d614159c,1
PST-258,2026-07-17T11:37:32.600+0200,Windows-Host,4104,723635,d754b8dc-f9a2-4fec-9bbf-0644e7a3ae13,1
PST-259,2026-07-17T11:37:33.762+0200,Windows-Host,4104,723650,777f38e1-2f11-43b1-94f9-4102447bafbf,1
PST-260,2026-07-17T11:37:33.808+0200,Windows-Host,4104,723653,b671235a-bbd0-4d9b-83e9-ed17882d10ab,1
PST-261,2026-07-17T11:37:34.669+0200,Windows-Host,4104,723656,5d6701f4-dd21-4619-986f-ec5ad62c7e04,1
PST-262,2026-07-17T11:37:36.849+0200,Windows-Host,4104,723685,81991c6d-a367-42be-8803-02c1d3bf5a9f,1
PST-263,2026-07-17T11:37:37.000+0200,Windows-Host,4104,723699,1acbd15d-3610-4b00-a3bb-328eedb71f7b,1
PST-264,2026-07-17T11:37:37.031+0200,Windows-Host,4104,723701,d5ca43ac-af77-49cf-86e8-8f8749567075,1
PST-265,2026-07-17T11:37:37.890+0200,Windows-Host,4104,723703,62c8e103-1f5d-4e66-95d3-b4cf7743b2a0,1
PST-266,2026-07-17T11:37:37.902+0200,Windows-Host,4104,723706,1bef3a25-8ca0-45e9-87e9-baed5395dada,1
PST-267,2026-07-17T11:37:37.962+0200,Windows-Host,4104,723710,bdd057e2-2774-4e2c-aa88-9996c0b259e1,1
PST-268,2026-07-17T11:37:38.897+0200,Windows-Host,4104,723713,53936a54-7164-4601-9ca5-2128e3156871,1
PST-269,2026-07-17T11:37:38.905+0200,Windows-Host,4104,723717,cca28473-4c1f-44a7-90a0-0ae4b3a84a69,1
PST-270,2026-07-17T11:37:39.017+0200,Windows-Host,4104,723730,bd3fc2b8-259f-4551-96c3-755e546a529d,1
PST-271,2026-07-17T11:37:39.988+0200,Windows-Host,4104,723736,9ee2ee4f-f584-4fc9-9030-552e1c142678,1
PST-272,2026-07-17T11:37:39.995+0200,Windows-Host,4104,723739,3270e5a1-4946-4764-8972-8d2e78ccbbd9,1
PST-273,2026-07-17T11:37:41.046+0200,Windows-Host,4104,723754,24df1850-3fdb-40a1-b260-f4c0b3c1be4a,1
PST-274,2026-07-17T11:37:41.048+0200,Windows-Host,4104,723755,031487d1-fb24-4574-9ab9-72d118cffc89,1
PST-275,2026-07-17T11:37:41.101+0200,Windows-Host,4104,723761,64563472-02af-42e5-ab74-2eac5a702739,1
PST-276,2026-07-17T11:37:42.082+0200,Windows-Host,4104,723764,26268c8b-5173-4595-83b3-fd1b67b0040d,1
PST-277,2026-07-17T11:37:42.087+0200,Windows-Host,4104,723767,f0d2c138-08de-4f0c-8628-7f970472744b,1
PST-278,2026-07-17T11:37:42.138+0200,Windows-Host,4104,723771,8db5ec58-baa2-437a-a12b-b2f8684ed453,1
PST-279,2026-07-17T11:37:43.125+0200,Windows-Host,4104,723787,1d89f176-ad28-4f30-afd4-547a0abbe706,1
PST-280,2026-07-17T11:37:43.190+0200,Windows-Host,4104,723792,123c056e-8680-4234-a566-557d6ebb65ab,1
PST-281,2026-07-17T11:37:44.268+0200,Windows-Host,4104,723808,8d511cfb-162e-486e-8370-df15ccade71a,1
PST-282,2026-07-17T11:37:44.284+0200,Windows-Host,4104,723809,d6774af6-ba7b-4fe7-b4ca-870675cddb06,1
PST-283,2026-07-17T11:37:44.301+0200,Windows-Host,4104,723811,cf0df548-47e3-4467-8fe6-9cc1f0ac9b0f,1
PST-284,2026-07-17T11:37:45.228+0200,Windows-Host,4104,723814,a14cce52-eefb-4f70-a61a-e0c4b8c98b5f,1
PST-285,2026-07-17T11:37:45.234+0200,Windows-Host,4104,723818,a869047f-6f9a-4138-a0de-4bca8d3e853b,1
PST-286,2026-07-17T11:37:45.271+0200,Windows-Host,4104,723820,2817bd7e-6a85-401c-b602-a1c0473fb513,1
PST-287,2026-07-17T11:37:46.335+0200,Windows-Host,4104,723823,7706f2bf-5835-4104-b760-e6fc02158fe6,1
PST-288,2026-07-17T11:37:46.342+0200,Windows-Host,4104,723826,482463a4-a3c3-4bd9-b16c-4240389b22eb,1
PST-289,2026-07-17T11:37:46.453+0200,Windows-Host,4104,723841,a0c76815-84a6-414f-b133-4ed34f69bbc6,1
PST-290,2026-07-17T11:37:49.669+0200,Windows-Host,4104,723871,6498da8f-a9dc-4fe8-b1a7-28a0844b8e95,1
PST-291,2026-07-17T11:37:49.676+0200,Windows-Host,4104,723875,003c2d18-73d3-489a-b6b6-ebecd718ecfa,1
PST-292,2026-07-17T11:37:49.781+0200,Windows-Host,4104,723891,6d2e130e-0a34-4192-b050-e165e33a2ce4,1
PST-293,2026-07-17T11:37:51.194+0200,Windows-Host,4104,723893,a47212be-7653-431a-95b9-ba5ca16ce492,1
PST-294,2026-07-17T11:37:51.206+0200,Windows-Host,4104,723898,2557d382-b63e-4d44-9e4d-cd84d7872218,1
PST-295,2026-07-17T11:37:51.218+0200,Windows-Host,4104,723903,b0f95b2b-fce1-427a-b993-eb7e4b7bb01b,1
PST-296,2026-07-17T11:37:51.226+0200,Windows-Host,4104,723906,26fb289d-451e-46ef-b483-072660014997,1
PST-297,2026-07-17T11:37:52.232+0200,Windows-Host,4104,723920,06e6ac25-e153-40c9-8367-be89a6f52d68,1
PST-298,2026-07-17T11:37:52.262+0200,Windows-Host,4104,723923,c96e28de-181b-4d8e-90f4-79cb32eb1001,1
PST-299,2026-07-17T11:37:52.341+0200,Windows-Host,4104,723928,148d35f5-f2e4-4466-9b96-b5f246b7a485,1
PST-300,2026-07-17T11:37:53.336+0200,Windows-Host,4104,723930,1fbac975-d49d-491f-88a9-92a315947fcd,1
