alias_token_count,alias_tokens,backtick_count,base64_candidate_count,benign_admin_token_count,benign_admin_tokens,concat_operator_count,digit_count,digit_ratio,entropy,has_base64_indicator,high_risk_token_count,high_risk_tokens,id,ip_like_count,length,line_count,lolbin_token_count,lolbin_tokens,longest_base64_candidate,quote_count,special_char_count,special_char_ratio,split_indicator_pattern_count,suspicious_token_count,suspicious_tokens,token_count,uppercase_count,uppercase_ratio,url_count,whitespace_ratio
0,,0,0,2,get-process;select-object,0,7,0.039106,5.228977,False,0,,BEN-001,0,179,1,0,,0,6,35,0.195531,0,0,,18,28,0.156425,0,0.111732
0,,0,0,2,get-service;select-object,0,7,0.039326,5.18845,False,0,,BEN-002,0,178,1,0,,0,6,34,0.191011,0,0,,17,25,0.140449,0,0.106742
0,,0,0,2,get-ciminstance;select-object,0,8,0.038647,5.259239,False,0,,BEN-003,0,207,1,0,,0,6,35,0.169082,0,0,,17,30,0.144928,0,0.091787
0,,0,0,2,get-ciminstance;select-object,0,8,0.041026,5.270481,False,0,,BEN-004,0,195,1,0,,0,6,34,0.174359,0,0,,16,31,0.158974,0,0.092308
0,,0,0,2,get-ciminstance;select-object,0,8,0.039801,5.317045,False,0,,BEN-005,0,201,1,0,,0,6,35,0.174129,0,0,,17,32,0.159204,0,0.094527
0,,0,0,2,get-netipconfiguration;select-object,0,8,0.04,5.265209,False,0,,BEN-006,0,200,1,0,,0,6,35,0.175,0,0,,17,31,0.155,0,0.095
0,,0,0,2,get-netadapter;select-object,0,7,0.037433,5.136603,False,0,,BEN-007,0,187,1,0,,0,6,35,0.187166,0,0,,18,28,0.149733,0,0.106952
0,,0,0,2,get-winevent;select-object,0,7,0.03271,5.224004,False,0,,BEN-008,0,214,1,0,,0,6,36,0.168224,0,0,,20,33,0.154206,0,0.102804
0,,0,0,2,get-childitem;select-object,0,7,0.032864,5.259585,False,0,,BEN-009,0,213,1,0,,0,6,37,0.173709,0,0,,21,34,0.159624,0,0.103286
0,,0,0,1,test-path,0,6,0.040816,5.246456,False,0,,BEN-010,0,147,1,0,,0,6,33,0.22449,0,0,,15,25,0.170068,0,0.102041
0,,0,0,2,get-date;select-object,0,6,0.03871,5.219827,False,0,,BEN-011,0,155,1,0,,0,6,32,0.206452,0,0,,14,24,0.154839,0,0.103226
0,,0,0,2,get-childitem;select-object,0,7,0.039326,5.298805,False,0,,BEN-012,0,178,1,0,,0,6,35,0.196629,0,0,,18,27,0.151685,0,0.11236
0,,0,0,1,select-object,0,7,0.03271,5.176342,False,0,,BEN-013,0,214,1,0,,0,6,36,0.168224,0,0,,19,30,0.140187,0,0.098131
0,,0,0,1,select-object,0,7,0.033816,5.204211,False,0,,BEN-014,0,207,1,0,,0,6,35,0.169082,0,0,,18,29,0.140097,0,0.096618
0,,0,0,1,select-object,0,6,0.032432,5.185827,False,0,,BEN-015,0,185,1,0,,0,6,34,0.183784,0,0,,15,26,0.140541,0,0.091892
0,,0,0,1,select-object,0,7,0.037433,5.204112,False,0,,BEN-016,0,187,1,0,,0,6,35,0.187166,0,0,,18,27,0.144385,0,0.106952
0,,0,0,2,get-process;select-object,0,6,0.031414,5.227026,False,0,,BEN-017,0,191,1,0,,0,6,35,0.183246,0,0,,17,28,0.146597,0,0.099476
0,,0,0,1,convertto-json,0,6,0.031746,5.416955,False,0,,BEN-018,0,189,1,0,,0,6,41,0.216931,0,0,,18,41,0.216931,0,0.084656
0,,0,0,3,convertto-csv;get-process;select-object,0,7,0.033981,5.256888,False,0,,BEN-019,0,206,1,0,,0,6,37,0.179612,0,0,,19,31,0.150485,0,0.106796
0,,0,0,1,measure-object,0,6,0.032967,5.107998,False,0,,BEN-020,0,182,1,0,,0,8,34,0.186813,0,0,,16,21,0.115385,0,0.098901
0,,0,0,1,select-object,0,7,0.02834,5.477625,False,0,,BEN-021,0,247,1,0,,0,8,53,0.214575,0,0,,21,38,0.153846,0,0.076923
0,,0,0,1,select-object,0,6,0.034682,5.231832,False,0,,BEN-022,0,173,1,0,,0,6,32,0.184971,0,0,,15,30,0.17341,0,0.098266
0,,0,0,1,select-object,0,6,0.036585,5.24489,False,0,,BEN-023,0,164,1,0,,0,6,32,0.195122,0,0,,15,25,0.152439,0,0.103659
0,,0,0,1,select-object,0,6,0.036585,5.283283,False,0,,BEN-024,0,164,1,0,,0,6,32,0.195122,0,0,,15,26,0.158537,0,0.103659
0,,0,0,1,select-object,0,6,0.023715,5.186471,False,0,,BEN-025,0,253,1,0,,0,6,37,0.146245,0,0,,20,38,0.150198,0,0.086957
0,,0,0,1,select-object,0,7,0.033019,5.156602,False,0,,BEN-026,0,212,1,0,,0,6,35,0.165094,0,0,,19,30,0.141509,0,0.099057
0,,0,0,1,select-object,0,7,0.037838,5.322328,False,0,,BEN-027,0,185,1,0,,0,6,34,0.183784,0,0,,17,30,0.162162,0,0.102703
0,,0,0,1,select-object,0,7,0.032864,5.200703,False,0,,BEN-028,0,213,1,0,,0,6,36,0.169014,0,0,,19,31,0.14554,0,0.098592
0,,0,0,1,select-object,0,7,0.032258,5.203099,False,0,,BEN-029,0,217,1,0,,0,6,35,0.16129,0,0,,19,32,0.147465,0,0.096774
0,,0,0,1,select-object,0,7,0.027451,5.120911,False,0,,BEN-030,0,255,1,0,,0,6,37,0.145098,0,0,,22,38,0.14902,0,0.094118
0,,0,0,2,get-winevent;select-object,0,6,0.028302,5.234064,False,0,,BEN-031,0,212,1,0,,0,6,36,0.169811,0,0,,17,32,0.150943,0,0.089623
0,,0,0,1,select-object,0,6,0.033149,5.300091,False,0,,BEN-032,0,181,1,0,,0,6,36,0.198895,0,0,,18,31,0.171271,0,0.104972
0,,0,0,2,get-childitem;measure-object,0,6,0.028302,5.294716,False,0,,BEN-033,0,212,1,0,,0,6,40,0.188679,0,0,,20,34,0.160377,0,0.09434
0,,0,0,1,select-object,0,6,0.029703,5.390996,False,0,,BEN-034,0,202,1,0,,0,8,46,0.227723,0,0,,20,22,0.108911,0,0.084158
0,,0,0,0,,0,6,0.037975,5.235752,False,0,,BEN-035,0,158,1,0,,0,12,39,0.246835,0,0,,15,20,0.126582,0,0.094937
0,,0,0,2,get-process;select-object,0,7,0.034314,5.225827,False,0,,BEN-036,0,204,1,0,,0,6,38,0.186275,0,0,,20,33,0.161765,0,0.112745
0,,0,0,2,get-service;select-object,0,7,0.031963,5.194136,False,0,,BEN-037,0,219,1,0,,0,8,40,0.182648,0,0,,21,29,0.13242,0,0.109589
0,,0,0,2,get-winevent;select-object,0,9,0.034221,5.196305,False,0,,BEN-038,0,263,1,0,,0,8,42,0.159696,0,0,,25,38,0.144487,0,0.106464
0,,0,0,1,select-object,0,7,0.031963,5.233354,False,0,,BEN-039,0,219,1,0,,0,6,36,0.164384,0,0,,19,31,0.141553,0,0.09589
0,,0,0,1,select-object,0,6,0.025751,5.141563,False,0,,BEN-040,0,233,1,0,,0,6,35,0.150215,0,0,,17,34,0.145923,0,0.081545
0,,0,0,1,select-object,0,6,0.025105,5.128153,False,0,,BEN-041,0,239,1,0,,0,6,35,0.146444,0,0,,17,35,0.146444,0,0.079498
0,,0,0,1,select-object,0,6,0.025105,5.399404,False,0,,BEN-042,0,239,1,0,,0,8,41,0.171548,0,0,,19,46,0.192469,0,0.083682
0,,0,0,0,,0,6,0.043478,5.248965,False,0,,BEN-043,0,138,1,0,,0,6,31,0.224638,0,0,,13,19,0.137681,0,0.101449
0,,0,0,2,get-ciminstance;select-object,0,9,0.042254,5.36941,False,0,,BEN-044,0,213,1,0,,0,6,36,0.169014,0,0,,18,33,0.15493,0,0.093897
0,,0,0,1,select-object,0,7,0.034146,5.21775,False,0,,BEN-045,0,205,1,0,,0,6,35,0.170732,0,0,,19,30,0.146341,0,0.102439
0,,0,0,2,get-winevent;select-object,0,6,0.029851,5.331802,False,0,,BEN-046,0,201,1,0,,0,6,37,0.18408,0,0,,17,31,0.154229,0,0.094527
0,,0,0,0,,0,6,0.04,5.264584,False,0,,BEN-047,0,150,1,0,,0,6,32,0.213333,0,0,,13,27,0.18,0,0.093333
0,,0,0,0,,0,6,0.037975,5.230856,False,0,,BEN-048,0,158,1,0,,0,6,32,0.202532,0,0,,13,22,0.139241,0,0.088608
0,,0,0,2,get-childitem;select-object,0,7,0.029915,5.212419,False,0,,BEN-049,0,234,1,0,,0,6,39,0.166667,0,0,,21,35,0.149573,0,0.094017
0,,0,0,0,,3,6,0.031414,5.295091,False,0,,BEN-050,0,191,1,0,,0,10,46,0.240838,0,0,,18,42,0.219895,0,0.120419
0,,0,0,2,get-process;select-object,0,8,0.037736,5.216197,False,0,,BEN-051,0,212,1,0,,0,8,39,0.183962,0,0,,22,30,0.141509,0,0.113208
0,,0,0,2,get-service;select-object,0,8,0.037915,5.154246,False,0,,BEN-052,0,211,1,0,,0,8,38,0.180095,0,0,,21,27,0.127962,0,0.109005
0,,0,0,2,get-ciminstance;select-object,0,9,0.0375,5.209837,False,0,,BEN-053,0,240,1,0,,0,8,39,0.1625,0,0,,21,32,0.133333,0,0.095833
0,,0,0,2,get-ciminstance;select-object,0,9,0.039474,5.223096,False,0,,BEN-054,0,228,1,0,,0,8,38,0.166667,0,0,,20,33,0.144737,0,0.096491
0,,0,0,2,get-ciminstance;select-object,0,9,0.038462,5.266809,False,0,,BEN-055,0,234,1,0,,0,8,39,0.166667,0,0,,21,34,0.145299,0,0.098291
0,,0,0,2,get-netipconfiguration;select-object,0,9,0.038627,5.233648,False,0,,BEN-056,0,233,1,0,,0,8,39,0.167382,0,0,,21,33,0.141631,0,0.098712
0,,0,0,2,get-netadapter;select-object,0,8,0.036364,5.128768,False,0,,BEN-057,0,220,1,0,,0,8,39,0.177273,0,0,,22,30,0.136364,0,0.109091
0,,0,0,2,get-winevent;select-object,0,8,0.032389,5.199934,False,0,,BEN-058,0,247,1,0,,0,8,40,0.161943,0,0,,24,35,0.1417,0,0.105263
0,,0,0,2,get-childitem;select-object,0,8,0.03252,5.224316,False,0,,BEN-059,0,246,1,0,,0,8,41,0.166667,0,0,,25,36,0.146341,0,0.105691
0,,0,0,1,test-path,0,7,0.038889,5.241816,False,0,,BEN-060,0,180,1,0,,0,8,37,0.205556,0,0,,19,27,0.15,0,0.105556
0,,0,0,2,get-date;select-object,0,7,0.037234,5.214251,False,0,,BEN-061,0,188,1,0,,0,8,36,0.191489,0,0,,18,26,0.138298,0,0.106383
0,,0,0,2,get-childitem;select-object,0,8,0.037915,5.249499,False,0,,BEN-062,0,211,1,0,,0,8,39,0.184834,0,0,,22,29,0.137441,0,0.113744
0,,0,0,1,select-object,0,8,0.032389,5.166819,False,0,,BEN-063,0,247,1,0,,0,8,40,0.161943,0,0,,23,32,0.129555,0,0.101215
0,,0,0,1,select-object,0,8,0.033333,5.180648,False,0,,BEN-064,0,240,1,0,,0,8,39,0.1625,0,0,,22,31,0.129167,0,0.1
0,,0,0,1,select-object,0,7,0.03211,5.187341,False,0,,BEN-065,0,218,1,0,,0,8,38,0.174312,0,0,,19,28,0.12844,0,0.09633
0,,0,0,1,select-object,0,8,0.036364,5.183578,False,0,,BEN-066,0,220,1,0,,0,8,39,0.177273,0,0,,22,29,0.131818,0,0.109091
0,,0,0,2,get-process;select-object,0,7,0.03125,5.234998,False,0,,BEN-067,0,224,1,0,,0,8,39,0.174107,0,0,,21,30,0.133929,0,0.102679
0,,0,0,1,convertto-json,0,7,0.031532,5.395642,False,0,,BEN-068,0,222,1,0,,0,8,45,0.202703,0,0,,22,43,0.193694,0,0.09009
0,,0,0,3,convertto-csv;get-process;select-object,0,8,0.033473,5.238772,False,0,,BEN-069,0,239,1,0,,0,8,41,0.171548,0,0,,23,33,0.138075,0,0.108787
0,,0,0,1,measure-object,0,7,0.032558,5.066297,False,0,,BEN-070,0,215,1,0,,0,10,38,0.176744,0,0,,20,23,0.106977,0,0.102326
0,,0,0,1,select-object,0,8,0.028571,5.433011,False,0,,BEN-071,0,280,1,0,,0,10,57,0.203571,0,0,,25,40,0.142857,0,0.082143
0,,0,0,1,select-object,0,7,0.033981,5.198313,False,0,,BEN-072,0,206,1,0,,0,8,36,0.174757,0,0,,19,32,0.15534,0,0.101942
0,,0,0,1,select-object,0,7,0.035533,5.210244,False,0,,BEN-073,0,197,1,0,,0,8,36,0.182741,0,0,,19,27,0.137056,0,0.106599
0,,0,0,1,select-object,0,7,0.035533,5.248432,False,0,,BEN-074,0,197,1,0,,0,8,36,0.182741,0,0,,19,28,0.142132,0,0.106599
0,,0,0,1,select-object,0,7,0.024476,5.181122,False,0,,BEN-075,0,286,1,0,,0,8,41,0.143357,0,0,,24,40,0.13986,0,0.090909
0,,0,0,1,select-object,0,8,0.032653,5.127803,False,0,,BEN-076,0,245,1,0,,0,8,39,0.159184,0,0,,23,32,0.130612,0,0.102041
0,,0,0,1,select-object,0,8,0.036697,5.270307,False,0,,BEN-077,0,218,1,0,,0,8,38,0.174312,0,0,,21,32,0.146789,0,0.105505
0,,0,0,1,select-object,0,8,0.03252,5.177977,False,0,,BEN-078,0,246,1,0,,0,8,40,0.162602,0,0,,23,33,0.134146,0,0.101626
0,,0,0,1,select-object,0,8,0.032,5.172792,False,0,,BEN-079,0,250,1,0,,0,8,39,0.156,0,0,,23,34,0.136,0,0.1
0,,0,0,1,select-object,0,8,0.027778,5.118477,False,0,,BEN-080,0,288,1,0,,0,8,41,0.142361,0,0,,26,40,0.138889,0,0.097222
0,,0,0,2,get-winevent;select-object,0,7,0.028571,5.206146,False,0,,BEN-081,0,245,1,0,,0,8,40,0.163265,0,0,,21,34,0.138776,0,0.093878
0,,0,0,1,select-object,0,7,0.03271,5.248832,False,0,,BEN-082,0,214,1,0,,0,8,40,0.186916,0,0,,22,33,0.154206,0,0.107477
0,,0,0,2,get-childitem;measure-object,0,7,0.028571,5.266998,False,0,,BEN-083,0,245,1,0,,0,8,44,0.179592,0,0,,24,36,0.146939,0,0.097959
0,,0,0,1,select-object,0,7,0.029787,5.348711,False,0,,BEN-084,0,235,1,0,,0,10,50,0.212766,0,0,,24,24,0.102128,0,0.089362
0,,0,0,0,,0,7,0.036649,5.191682,False,0,,BEN-085,0,191,1,0,,0,14,43,0.225131,0,0,,19,22,0.115183,0,0.099476
0,,0,0,2,get-process;select-object,0,8,0.033755,5.213626,False,0,,BEN-086,0,237,1,0,,0,8,42,0.177215,0,0,,24,35,0.147679,0,0.113924
0,,0,0,2,get-service;select-object,0,8,0.031746,5.144408,False,0,,BEN-087,0,252,1,0,,0,10,44,0.174603,0,0,,25,31,0.123016,0,0.111111
0,,0,0,2,get-winevent;select-object,0,10,0.033784,5.174818,False,0,,BEN-088,0,296,1,0,,0,10,46,0.155405,0,0,,29,40,0.135135,0,0.108108
0,,0,0,1,select-object,0,8,0.031746,5.215565,False,0,,BEN-089,0,252,1,0,,0,8,40,0.15873,0,0,,23,33,0.130952,0,0.099206
0,,0,0,1,select-object,0,7,0.026316,5.119281,False,0,,BEN-090,0,266,1,0,,0,8,39,0.146617,0,0,,21,36,0.135338,0,0.086466
0,,0,0,1,select-object,0,7,0.025735,5.113588,False,0,,BEN-091,0,272,1,0,,0,8,39,0.143382,0,0,,21,37,0.136029,0,0.084559
0,,0,0,1,select-object,0,7,0.025735,5.352998,False,0,,BEN-092,0,272,1,0,,0,10,45,0.165441,0,0,,23,48,0.176471,0,0.088235
0,,0,0,0,,0,7,0.040936,5.221657,False,0,,BEN-093,0,171,1,0,,0,8,35,0.204678,0,0,,17,21,0.122807,0,0.105263
0,,0,0,2,get-ciminstance;select-object,0,10,0.04065,5.31454,False,0,,BEN-094,0,246,1,0,,0,8,40,0.162602,0,0,,22,35,0.142276,0,0.097561
0,,0,0,1,select-object,0,8,0.033613,5.185912,False,0,,BEN-095,0,238,1,0,,0,8,39,0.163866,0,0,,23,32,0.134454,0,0.105042
0,,0,0,2,get-winevent;select-object,0,7,0.029915,5.290659,False,0,,BEN-096,0,234,1,0,,0,8,41,0.175214,0,0,,21,33,0.141026,0,0.098291
0,,0,0,0,,0,7,0.038251,5.223789,False,0,,BEN-097,0,183,1,0,,0,8,36,0.196721,0,0,,17,29,0.15847,0,0.098361
0,,0,0,0,,0,7,0.036649,5.205775,False,0,,BEN-098,0,191,1,0,,0,8,36,0.188482,0,0,,17,24,0.125654,0,0.094241
0,,0,0,2,get-childitem;select-object,0,8,0.029963,5.187691,False,0,,BEN-099,0,267,1,0,,0,8,43,0.161049,0,0,,25,37,0.138577,0,0.097378
0,,0,0,0,,3,7,0.03125,5.275819,False,0,,BEN-100,0,224,1,0,,0,12,50,0.223214,0,0,,22,44,0.196429,0,0.120536
0,,0,0,0,,0,8,0.038095,5.064548,False,0,,BEN-101,0,210,1,0,,0,8,40,0.190476,0,0,,20,20,0.095238,0,0.114286
0,,0,0,0,,0,13,0.055556,5.331737,False,0,,BEN-102,0,234,1,0,,0,8,52,0.222222,0,0,,27,28,0.119658,0,0.07265
0,,0,1,0,,0,15,0.054152,5.56599,True,1,frombase64string,BEN-103,0,277,1,0,,64,8,51,0.184116,0,1,frombase64string,18,74,0.267148,0,0.057762
0,,0,0,0,,6,6,0.026201,5.164805,False,0,,BEN-104,0,229,1,0,,0,18,60,0.262009,0,0,,22,32,0.139738,0,0.126638
0,,0,0,0,,0,7,0.031818,5.169994,False,0,,BEN-105,0,220,1,0,,0,8,48,0.218182,0,0,,22,20,0.090909,1,0.077273
0,,0,0,1,select-object,0,8,0.032787,5.209193,False,0,,BEN-106,0,244,1,0,,0,18,59,0.241803,0,0,,23,23,0.094262,0,0.090164
0,,2,0,1,select-object,0,8,0.035556,5.186433,False,0,,BEN-107,0,225,1,0,,0,8,45,0.2,0,0,,23,23,0.102222,0,0.097778
0,,0,0,0,,0,8,0.034632,5.329452,False,0,,BEN-108,0,231,1,0,,0,10,59,0.255411,0,0,,23,18,0.077922,0,0.073593
0,,0,0,2,get-ciminstance;select-object,0,9,0.038298,5.269575,False,0,,BEN-109,0,235,1,0,,0,8,43,0.182979,0,0,,22,32,0.13617,0,0.106383
0,,0,0,2,get-winevent;select-object,0,11,0.04661,5.367379,False,0,,BEN-110,0,236,1,0,,0,8,44,0.186441,0,0,,22,34,0.144068,0,0.09322
0,,0,0,1,select-object,0,7,0.02682,5.183377,False,0,,BEN-111,0,261,1,0,,0,8,41,0.157088,0,0,,23,36,0.137931,0,0.099617
0,,0,0,0,,2,14,0.055336,5.405166,False,0,,BEN-112,0,253,1,0,,0,10,59,0.233202,0,0,,29,27,0.106719,0,0.094862
0,,0,0,1,select-object,0,8,0.02649,5.434364,False,0,,BEN-113,0,302,1,0,,0,12,67,0.221854,0,0,,27,42,0.139073,0,0.086093
0,,0,0,0,,0,8,0.037383,5.33095,False,0,,BEN-114,0,214,1,0,,0,8,49,0.228972,0,0,,21,22,0.102804,1,0.079439
0,,0,0,0,,3,6,0.029268,5.261981,False,0,,BEN-115,0,205,1,0,,0,14,53,0.258537,0,0,,18,24,0.117073,0,0.112195
0,,0,0,1,select-object,0,6,0.019802,5.113613,False,0,,BEN-116,0,303,1,0,,0,8,43,0.141914,0,0,,24,37,0.122112,0,0.089109
0,,0,0,1,select-object,0,7,0.025926,5.32633,False,1,currentversion\run,BEN-117,0,270,1,0,,0,8,45,0.166667,0,1,currentversion\run,21,43,0.159259,0,0.081481
0,,0,0,1,select-object,0,7,0.026415,5.199836,False,0,,BEN-118,0,265,1,0,,0,8,44,0.166038,0,0,,23,36,0.135849,0,0.098113
0,,0,0,0,,0,6,0.023438,5.320191,False,0,,BEN-119,0,256,1,0,,0,8,49,0.191406,0,0,,20,26,0.101562,0,0.066406
0,,0,0,0,,0,6,0.023904,5.053378,False,0,,BEN-120,0,251,1,0,,0,8,41,0.163347,0,0,,25,20,0.079681,0,0.10757
0,,0,0,0,,0,10,0.046512,5.25196,False,0,,BEN-121,0,215,1,0,,0,8,46,0.213953,0,0,,22,20,0.093023,1,0.07907
0,,0,0,0,,0,18,0.080357,5.621162,False,1,frombase64string,BEN-122,0,224,1,0,,0,8,51,0.227679,0,1,frombase64string,18,37,0.165179,0,0.071429
0,,0,0,0,,2,6,0.02521,5.341584,False,0,,BEN-123,0,238,1,0,,0,10,51,0.214286,0,0,,19,54,0.226891,0,0.10084
0,,1,0,2,get-process;select-object,0,7,0.038251,5.292318,False,0,,BEN-124,0,183,2,0,,0,6,36,0.196721,0,0,,17,25,0.136612,0,0.10929
0,,0,0,0,,0,10,0.048077,5.249143,False,0,,BEN-125,0,208,1,0,,0,8,49,0.235577,0,0,,24,20,0.096154,0,0.081731
0,,0,0,0,,0,9,0.03629,5.046605,False,0,,BEN-126,0,248,1,0,,0,10,44,0.177419,0,0,,25,22,0.08871,0,0.116935
0,,0,0,0,,0,14,0.051471,5.279068,False,0,,BEN-127,0,272,1,0,,0,10,56,0.205882,0,0,,32,30,0.110294,0,0.080882
0,,0,1,0,,0,16,0.050794,5.547816,True,1,frombase64string,BEN-128,0,315,1,0,,64,10,55,0.174603,0,1,frombase64string,23,76,0.24127,0,0.066667
0,,0,0,0,,6,7,0.026217,5.149075,False,0,,BEN-129,0,267,1,0,,0,20,64,0.2397,0,0,,27,34,0.127341,0,0.127341
0,,0,0,0,,0,8,0.031008,5.144832,False,0,,BEN-130,0,258,1,0,,0,10,52,0.20155,0,0,,27,22,0.085271,1,0.085271
0,,0,0,1,select-object,0,9,0.031915,5.198708,False,0,,BEN-131,0,282,1,0,,0,20,63,0.223404,0,0,,28,25,0.088652,0,0.095745
0,,2,0,1,select-object,0,9,0.034221,5.149183,False,0,,BEN-132,0,263,1,0,,0,10,49,0.186312,0,0,,28,25,0.095057,0,0.102662
0,,0,0,0,,0,9,0.033457,5.315281,False,0,,BEN-133,0,269,1,0,,0,12,63,0.234201,0,0,,28,20,0.074349,0,0.081784
0,,0,0,2,get-ciminstance;select-object,0,10,0.03663,5.23373,False,0,,BEN-134,0,273,1,0,,0,10,47,0.172161,0,0,,27,34,0.124542,0,0.10989
0,,0,0,2,get-winevent;select-object,0,12,0.043796,5.317053,False,0,,BEN-135,0,274,1,0,,0,10,48,0.175182,0,0,,27,36,0.131387,0,0.09854
0,,0,0,1,select-object,0,8,0.026756,5.186069,False,0,,BEN-136,0,299,1,0,,0,10,45,0.150502,0,0,,28,38,0.12709,0,0.103679
0,,0,0,0,,2,15,0.051546,5.368244,False,0,,BEN-137,0,291,1,0,,0,12,63,0.216495,0,0,,34,29,0.099656,0,0.099656
0,,0,0,1,select-object,0,9,0.026471,5.390968,False,0,,BEN-138,0,340,1,0,,0,14,71,0.208824,0,0,,32,44,0.129412,0,0.091176
0,,0,0,0,,0,9,0.035714,5.285431,False,0,,BEN-139,0,252,1,0,,0,10,53,0.210317,0,0,,26,24,0.095238,1,0.087302
0,,0,0,0,,3,7,0.028807,5.224162,False,0,,BEN-140,0,243,1,0,,0,16,57,0.234568,0,0,,23,26,0.106996,0,0.115226
0,,0,0,1,select-object,0,7,0.020528,5.089046,False,0,,BEN-141,0,341,1,0,,0,10,47,0.13783,0,0,,29,39,0.11437,0,0.093842
0,,0,0,1,select-object,0,8,0.025974,5.30038,False,1,currentversion\run,BEN-142,0,308,1,0,,0,10,49,0.159091,0,1,currentversion\run,26,45,0.146104,0,0.087662
0,,0,0,1,select-object,0,8,0.026403,5.193965,False,0,,BEN-143,0,303,1,0,,0,10,48,0.158416,0,0,,28,38,0.125413,0,0.10231
0,,0,0,0,,0,7,0.02381,5.281469,False,0,,BEN-144,0,294,1,0,,0,10,53,0.180272,0,0,,25,28,0.095238,0,0.07483
0,,0,0,0,,0,7,0.024221,5.044877,False,0,,BEN-145,0,289,1,0,,0,10,45,0.155709,0,0,,30,22,0.076125,0,0.110727
0,,0,0,0,,0,11,0.043478,5.232336,False,0,,BEN-146,0,253,1,0,,0,10,50,0.197628,0,0,,27,22,0.086957,1,0.086957
0,,0,0,0,,0,19,0.072519,5.54424,False,1,frombase64string,BEN-147,0,262,1,0,,0,10,55,0.209924,0,1,frombase64string,23,39,0.148855,0,0.080153
0,,0,0,0,,2,7,0.025362,5.317176,False,0,,BEN-148,0,276,1,0,,0,12,55,0.199275,0,0,,24,56,0.202899,0,0.105072
0,,1,0,2,get-process;select-object,0,8,0.036199,5.250179,False,0,,BEN-149,0,221,2,0,,0,8,40,0.180995,0,0,,22,27,0.122172,0,0.113122
0,,0,0,0,,0,11,0.044715,5.223441,False,0,,BEN-150,0,246,1,0,,0,10,53,0.215447,0,0,,29,22,0.089431,0,0.089431
0,,0,1,0,,0,8,0.024169,5.22647,True,1,encodedcommand,SIM-001,0,331,1,0,,64,10,43,0.129909,0,4,-encodedcommand;-nop;-noprofile;encodedcommand,25,73,0.220544,0,0.081571
1,iex,0,0,0,,0,5,0.019608,4.932504,False,1,invoke-expression,SIM-002,0,255,1,0,,0,12,43,0.168627,0,2,iex;invoke-expression,24,26,0.101961,0,0.101961
0,,0,0,0,,0,5,0.015974,5.123979,False,2,downloadstring,SIM-003,0,313,1,0,,0,12,56,0.178914,0,3,downloadstring;webclient,28,29,0.092652,1,0.079872
0,,0,0,0,,0,5,0.014493,5.159333,False,0,,SIM-004,0,345,1,0,,0,10,56,0.162319,0,1,invoke-webrequest,30,33,0.095652,1,0.081159
0,,0,0,0,,0,5,0.017065,5.074468,False,1,amsiinitfailed,SIM-005,0,293,1,0,,0,12,50,0.170648,0,5,amsi;amsiinitfailed;amsiutils,25,33,0.112628,0,0.085324
0,,0,0,0,,0,5,0.018182,4.918423,False,0,,SIM-006,0,275,1,0,,0,10,43,0.156364,0,0,,24,28,0.101818,0,0.094545
0,,0,0,0,,0,6,0.015625,5.163262,False,1,currentversion\run,SIM-007,0,384,1,0,,0,12,59,0.153646,0,4,-nop;-noprofile;currentversion\run;new-itemproperty,32,47,0.122396,0,0.083333
0,,0,0,0,,0,6,0.016173,5.124564,False,1,register-scheduledtask,SIM-008,0,371,1,0,,0,12,54,0.145553,0,3,-nop;-noprofile;register-scheduledtask,32,41,0.110512,0,0.088949
0,,0,0,1,get-process,0,7,0.024055,5.030087,False,0,,SIM-009,0,291,1,0,,0,10,48,0.164948,0,1,invoke-command,26,35,0.120275,0,0.103093
0,,0,0,0,,0,7,0.026515,4.957955,False,0,,SIM-010,0,264,1,0,,0,10,44,0.166667,0,1,enter-pssession,24,33,0.125,0,0.098485
0,,0,0,0,,0,5,0.018939,5.038472,False,0,,SIM-011,0,264,1,0,,0,10,44,0.166667,0,1,resolve-dnsname,25,29,0.109848,0,0.102273
0,,0,0,0,,0,5,0.015106,5.048446,False,0,,SIM-012,0,331,1,2,certutil,0,10,56,0.169184,0,2,certutil,30,27,0.081571,1,0.087613
0,,0,0,0,,0,5,0.018182,5.029648,False,2,mshta,SIM-013,0,275,1,2,mshta,0,10,48,0.174545,0,2,mshta,25,22,0.08,1,0.090909
0,,0,0,0,,0,9,0.030201,5.120813,False,2,regsvr32,SIM-014,0,298,1,2,regsvr32,0,10,54,0.181208,0,2,regsvr32,30,22,0.073826,1,0.097315
0,,0,0,0,,0,9,0.032143,5.142887,False,2,rundll32,SIM-015,0,280,1,2,rundll32,0,12,49,0.175,0,2,rundll32,25,28,0.1,0,0.089286
0,,0,0,0,,0,5,0.014706,5.052275,False,0,,SIM-016,0,340,1,0,,0,10,55,0.161765,0,1,start-bitstransfer,29,32,0.094118,1,0.082353
0,,0,0,0,,0,6,0.017804,5.107241,False,0,,SIM-017,0,337,1,0,,0,10,50,0.148368,0,4,-nop;-noprofile;-windowstyle hidden;executionpolicy bypass,30,36,0.106825,0,0.091988
0,,0,0,0,,0,8,0.025806,5.073381,False,0,,SIM-018,0,310,1,0,,0,10,50,0.16129,0,0,,27,24,0.077419,0,0.083871
0,,0,0,0,,0,8,0.025397,5.101773,False,0,,SIM-019,0,315,1,0,,0,10,49,0.155556,0,0,,30,28,0.088889,0,0.101587
0,,0,1,0,,0,9,0.026012,5.182894,True,0,,SIM-020,0,346,1,0,,64,10,45,0.130058,0,1,-nop,32,71,0.205202,0,0.098266
0,,0,0,0,,0,10,0.032787,5.084095,False,0,,SIM-021,0,305,1,0,,0,10,51,0.167213,0,0,,31,24,0.078689,0,0.098361
0,,0,0,0,,0,7,0.02349,4.972505,False,0,,SIM-022,0,298,1,0,,0,10,44,0.147651,0,0,,31,24,0.080537,0,0.104027
0,,0,0,0,,0,8,0.026936,5.047442,False,0,,SIM-023,0,297,1,0,,0,10,50,0.16835,0,0,,31,23,0.077441,1,0.094276
0,,0,0,0,,0,11,0.035599,5.07036,False,0,,SIM-024,0,309,1,0,,0,10,49,0.158576,0,0,,33,24,0.07767,1,0.100324
0,,0,0,0,,0,5,0.015924,5.022438,False,0,,SIM-025,0,314,1,0,,0,10,47,0.149682,0,0,,32,29,0.092357,0,0.105096
0,,0,0,0,,0,5,0.016892,5.021983,False,0,,SIM-026,0,296,1,0,,0,12,45,0.152027,0,0,,29,29,0.097973,0,0.097973
0,,0,0,0,,0,5,0.017361,5.031919,False,0,,SIM-027,0,288,1,0,,0,10,42,0.145833,0,0,,27,29,0.100694,0,0.100694
0,,0,0,0,,0,5,0.017123,5.014852,False,0,,SIM-028,0,292,1,0,,0,10,44,0.150685,0,0,,27,30,0.10274,0,0.099315
1,cat ,0,0,0,,0,5,0.017065,4.972774,False,0,,SIM-029,0,293,1,0,,0,10,43,0.146758,0,4,invoke-kerberoast;kerberoast,27,28,0.095563,0,0.098976
0,,0,0,0,,0,7,0.021277,5.135723,False,0,,SIM-030,0,329,1,0,,0,14,61,0.18541,0,1,webclient,31,31,0.094225,1,0.075988
0,,0,1,0,,0,24,0.035821,5.18207,True,1,frombase64string,OBF-001,0,670,1,0,,352,10,60,0.089552,0,1,frombase64string,29,309,0.461194,0,0.041791
1,iex,0,1,0,,0,13,0.026531,5.350585,True,1,frombase64string,OBF-002,0,490,1,0,,182,10,61,0.12449,0,2,frombase64string;iex,29,169,0.344898,0,0.057143
0,,0,1,0,,0,23,0.0368,5.309006,True,2,downloadstring;frombase64string,OBF-003,0,625,1,0,,307,10,60,0.096,0,2,downloadstring;frombase64string,29,247,0.3952,0,0.0448
0,,0,1,0,,0,34,0.048295,5.21801,True,1,frombase64string,OBF-004,0,704,1,0,,384,10,60,0.085227,0,1,frombase64string,29,307,0.43608,0,0.039773
0,,0,1,0,,0,27,0.045997,5.289932,True,1,frombase64string,OBF-005,0,587,1,0,,280,10,59,0.100511,0,2,amsi;frombase64string,29,233,0.396934,0,0.0477
0,,0,1,0,,0,21,0.040462,5.312265,True,1,frombase64string,OBF-006,0,519,1,0,,200,10,60,0.115607,0,1,frombase64string,29,182,0.350674,0,0.05395
0,,0,1,0,,0,24,0.029056,5.161818,True,1,frombase64string,OBF-007,0,826,1,0,,515,10,61,0.07385,0,1,frombase64string,29,403,0.487893,0,0.033898
0,,0,1,0,,0,25,0.03201,5.149455,True,1,frombase64string,OBF-008,0,781,1,0,,462,10,62,0.079385,0,1,frombase64string,29,372,0.476312,0,0.035851
0,,0,1,0,,0,21,0.037168,5.318667,True,1,frombase64string,OBF-009,0,565,1,0,,248,10,60,0.106195,0,1,frombase64string,29,214,0.378761,0,0.049558
0,,0,1,0,,0,16,0.032389,5.347821,True,1,frombase64string,OBF-010,0,494,1,0,,174,10,62,0.125506,0,1,frombase64string,29,168,0.340081,0,0.05668
0,,0,1,0,,0,16,0.031621,5.348302,True,1,frombase64string,OBF-011,0,506,1,0,,195,10,61,0.120553,0,1,frombase64string,29,172,0.339921,0,0.055336
0,,0,1,0,,0,29,0.043284,5.218712,True,1,frombase64string,OBF-012,0,670,1,1,certutil,352,10,60,0.089552,0,2,certutil;frombase64string,29,286,0.426866,0,0.041791
0,,0,1,0,,0,18,0.034156,5.321473,True,2,frombase64string;mshta,OBF-013,0,527,1,1,mshta,211,10,61,0.11575,0,2,frombase64string;mshta,29,177,0.335863,0,0.053131
0,,0,1,0,,0,27,0.046392,5.265814,True,2,frombase64string;regsvr32,OBF-014,0,582,1,1,regsvr32,264,10,60,0.103093,0,2,frombase64string;regsvr32,29,215,0.369416,0,0.04811
0,,0,1,0,,0,29,0.054307,5.364548,True,2,frombase64string;rundll32,OBF-015,0,534,1,1,rundll32,216,10,60,0.11236,0,2,frombase64string;rundll32,29,180,0.337079,0,0.052434
0,,0,1,0,,0,30,0.042735,5.209316,True,1,frombase64string,OBF-016,0,702,1,0,,387,10,61,0.086895,0,1,frombase64string,29,300,0.42735,0,0.039886
0,,0,1,0,,0,24,0.034682,5.213034,True,1,frombase64string,OBF-017,0,692,1,0,,374,10,62,0.089595,0,1,frombase64string,29,311,0.449422,0,0.040462
0,,0,1,0,,0,24,0.039669,5.302487,True,1,frombase64string,OBF-018,0,605,1,0,,278,10,63,0.104132,0,1,frombase64string,29,227,0.375207,0,0.046281
0,,0,1,0,,0,18,0.028939,5.292277,True,1,frombase64string,OBF-019,0,622,1,0,,299,10,61,0.098071,0,1,frombase64string,29,244,0.392283,0,0.045016
0,,0,1,0,,0,20,0.027933,5.134617,True,1,frombase64string,OBF-020,0,716,1,0,,398,10,62,0.086592,0,1,frombase64string,29,353,0.493017,0,0.039106
0,,0,0,0,,5,9,0.024194,5.192753,False,1,encodedcommand,OBF-021,0,372,1,0,,0,20,60,0.16129,0,3,-encodedcommand;-nop;encodedcommand,30,73,0.196237,0,0.102151
1,iex,0,0,0,,5,6,0.020134,4.866739,False,0,,OBF-022,0,298,1,0,,0,24,62,0.208054,1,1,iex,29,26,0.087248,0,0.124161
0,,0,0,0,,5,6,0.016854,5.082207,False,1,downloadstring,OBF-023,0,356,1,0,,0,24,75,0.210674,0,1,downloadstring,33,29,0.081461,0,0.101124
0,,0,0,0,,5,6,0.015544,5.117305,False,0,,OBF-024,0,386,1,0,,0,20,73,0.189119,0,1,invoke-webrequest,35,33,0.085492,1,0.101036
0,,0,0,0,,5,6,0.017857,5.05051,False,0,,OBF-025,0,336,1,0,,0,24,69,0.205357,1,3,amsi,31,33,0.098214,0,0.107143
0,,0,0,0,,5,6,0.018987,4.894434,False,0,,OBF-026,0,316,1,0,,0,20,60,0.189873,1,0,,29,28,0.088608,0,0.117089
0,,0,0,0,,5,7,0.016393,5.143818,False,0,,OBF-027,0,427,1,0,,0,24,78,0.18267,0,3,-nop;-noprofile;new-itemproperty,38,47,0.11007,0,0.100703
0,,0,0,0,,5,7,0.016908,5.100794,False,1,register-scheduledtask,OBF-028,0,414,1,0,,0,24,73,0.176329,0,3,-nop;-noprofile;register-scheduledtask,37,41,0.099034,0,0.10628
0,,0,0,1,get-process,5,8,0.024096,4.988257,False,0,,OBF-029,0,332,1,0,,0,20,65,0.195783,1,0,,29,35,0.105422,0,0.123494
0,,0,0,0,,5,8,0.02623,4.920992,False,0,,OBF-030,0,305,1,0,,0,20,61,0.2,1,0,,30,33,0.108197,0,0.121311
0,,0,0,0,,5,6,0.019672,4.989108,False,0,,OBF-031,0,305,1,0,,0,20,61,0.2,1,0,,31,29,0.095082,0,0.12459
0,,0,0,0,,5,6,0.016129,5.023573,False,0,,OBF-032,0,372,1,2,certutil,0,20,73,0.196237,0,2,certutil,36,27,0.072581,1,0.107527
0,,0,0,0,,5,6,0.018987,4.979282,False,2,mshta,OBF-033,0,316,1,2,mshta,0,20,65,0.205696,1,2,mshta,30,22,0.06962,1,0.113924
0,,0,0,0,,5,10,0.029499,5.05447,False,2,regsvr32,OBF-034,0,339,1,2,regsvr32,0,20,71,0.20944,1,2,regsvr32,35,22,0.064897,0,0.117994
0,,0,0,0,,4,10,0.031447,5.086702,False,2,rundll32,OBF-035,0,318,1,2,rundll32,0,22,65,0.204403,1,2,rundll32,30,28,0.08805,0,0.106918
0,,0,0,0,,5,6,0.015748,5.019846,False,0,,OBF-036,0,381,1,0,,0,20,72,0.188976,0,1,start-bitstransfer,35,32,0.08399,1,0.102362
0,,0,0,0,,5,7,0.018519,5.082818,False,0,,OBF-037,0,378,1,0,,0,20,67,0.177249,0,1,-nop,36,36,0.095238,0,0.111111
0,,0,0,0,,5,9,0.025641,5.027714,False,0,,OBF-038,0,351,1,0,,0,20,67,0.190883,1,0,,31,24,0.068376,0,0.105413
0,,0,0,0,,5,9,0.025281,5.064654,False,0,,OBF-039,0,356,1,0,,0,20,66,0.185393,0,0,,36,28,0.078652,0,0.120787
0,,0,0,0,,5,10,0.02584,5.141074,False,0,,OBF-040,0,387,1,0,,0,20,62,0.160207,0,1,-nop,37,71,0.183463,0,0.116279
0,,2,1,0,,0,9,0.025714,5.271621,True,1,encodedcommand,OBF-041,0,350,1,0,,64,10,47,0.134286,0,4,-encodedcommand;-nop;-noprofile;encodedcommand,28,73,0.208571,0,0.08
1,iex,1,0,0,,0,6,0.021818,4.996016,False,1,invoke-expression,OBF-042,0,275,1,0,,0,14,48,0.174545,0,2,iex;invoke-expression,26,26,0.094545,0,0.098182
0,,1,0,0,,0,6,0.018018,5.186353,False,2,downloadstring,OBF-043,0,333,1,0,,0,14,61,0.183183,0,3,downloadstring;webclient,30,29,0.087087,1,0.078078
0,,1,0,0,,0,6,0.016529,5.174865,False,0,,OBF-044,0,363,1,0,,0,10,59,0.162534,0,1,invoke-webrequest,32,33,0.090909,1,0.07989
0,,1,0,0,,0,6,0.019169,5.161699,False,1,amsiinitfailed,OBF-045,0,313,1,0,,0,14,55,0.175719,0,5,amsi;amsiinitfailed;amsiutils,27,33,0.105431,0,0.083067
0,,2,0,0,,0,6,0.020408,5.013685,False,0,,OBF-046,0,294,1,0,,0,10,47,0.159864,0,0,,27,28,0.095238,0,0.091837
0,,1,0,0,,0,7,0.017327,5.230148,False,1,currentversion\run,OBF-047,0,404,1,0,,0,14,64,0.158416,0,4,-nop;-noprofile;currentversion\run;new-itemproperty,34,47,0.116337,0,0.081683
0,,2,0,0,,0,7,0.017857,5.187343,False,1,register-scheduledtask,OBF-048,0,392,1,0,,0,14,60,0.153061,0,3,-nop;-noprofile;register-scheduledtask,35,41,0.104592,0,0.086735
0,,1,0,1,get-process,0,8,0.02589,5.082459,False,0,,OBF-049,0,309,1,0,,0,10,51,0.165049,0,1,invoke-command,28,35,0.113269,0,0.100324
0,,1,0,0,,0,8,0.028369,5.046673,False,0,,OBF-050,0,282,1,0,,0,10,47,0.166667,0,1,enter-pssession,26,33,0.117021,0,0.095745
0,,1,0,0,,0,6,0.021277,5.116082,False,0,,OBF-051,0,282,1,0,,0,10,47,0.166667,0,1,resolve-dnsname,26,29,0.102837,0,0.099291
0,,1,0,0,,0,6,0.017192,5.115431,False,0,,OBF-052,0,349,1,2,certutil,0,10,59,0.169054,0,2,certutil,32,27,0.077364,0,0.08596
0,,1,0,0,,0,6,0.020478,5.091471,False,2,mshta,OBF-053,0,293,1,2,mshta,0,10,51,0.174061,0,2,mshta,26,22,0.075085,0,0.088737
0,,1,0,0,,0,10,0.031646,5.167291,False,2,regsvr32,OBF-054,0,316,1,2,regsvr32,0,10,57,0.18038,0,2,regsvr32,31,22,0.06962,1,0.094937
0,,1,0,0,,0,10,0.033333,5.213485,False,2,rundll32,OBF-055,0,300,1,2,rundll32,0,14,54,0.18,0,2,rundll32,27,28,0.093333,0,0.086667
0,,1,0,0,,0,6,0.01676,5.108082,False,0,,OBF-056,0,358,1,0,,0,10,58,0.162011,0,1,start-bitstransfer,31,32,0.089385,1,0.081006
0,,1,0,0,,0,7,0.019718,5.181514,False,0,,OBF-057,0,355,1,0,,0,10,53,0.149296,0,4,-nop;-noprofile;-windowstyle hidden;executionpolicy bypass,32,36,0.101408,0,0.090141
0,,1,0,0,,0,9,0.027439,5.115003,False,0,,OBF-058,0,328,1,0,,0,10,53,0.161585,0,0,,28,24,0.073171,0,0.082317
0,,1,0,0,,0,9,0.027027,5.153931,False,0,,OBF-059,0,333,1,0,,0,10,52,0.156156,0,0,,31,28,0.084084,0,0.099099
0,,1,1,0,,0,10,0.027473,5.219637,True,0,,OBF-060,0,364,1,0,,64,10,48,0.131868,0,1,-nop,34,71,0.195055,0,0.096154
0,,0,1,0,,0,9,0.026393,5.329783,True,1,encodedcommand,OBF-061,0,341,1,0,,64,10,46,0.134897,0,4,-encodedcommand;-nop;-noprofile;encodedcommand,26,71,0.208211,0,0.082111
1,iex,0,0,0,,0,6,0.022472,5.053749,False,1,invoke-expression,OBF-062,0,267,1,0,,0,14,48,0.179775,0,2,iex;invoke-expression,25,40,0.149813,0,0.101124
0,,0,0,0,,0,6,0.018462,5.328527,False,2,downloadstring,OBF-063,0,325,1,0,,0,14,61,0.187692,0,3,downloadstring;webclient,29,58,0.178462,1,0.08
0,,0,0,0,,0,6,0.016901,5.394946,False,0,,OBF-064,0,355,1,0,,0,10,59,0.166197,0,1,invoke-webrequest,31,71,0.2,1,0.08169
0,,0,0,0,,0,6,0.019672,5.273445,False,1,amsiinitfailed,OBF-065,0,305,1,0,,0,14,55,0.180328,0,5,amsi;amsiinitfailed;amsiutils,26,56,0.183607,0,0.085246
0,,0,0,0,,0,6,0.021053,5.091883,False,0,,OBF-066,0,285,1,0,,0,10,46,0.161404,0,0,,25,44,0.154386,0,0.094737
0,,0,0,0,,0,7,0.017677,5.41419,False,1,currentversion\run,OBF-067,0,396,1,0,,0,14,64,0.161616,0,4,-nop;-noprofile;currentversion\run;new-itemproperty,33,92,0.232323,0,0.083333
0,,0,0,0,,0,7,0.018277,5.339829,False,1,register-scheduledtask,OBF-068,0,383,1,0,,0,14,59,0.154047,0,3,-nop;-noprofile;register-scheduledtask,33,84,0.219321,0,0.088773
0,,0,0,1,get-process,0,8,0.026578,5.149593,False,0,,OBF-069,0,301,1,0,,0,10,51,0.169435,0,1,invoke-command,27,48,0.159468,0,0.10299
0,,0,0,0,,0,8,0.029197,5.035824,False,0,,OBF-070,0,274,1,0,,0,10,47,0.171533,0,1,enter-pssession,25,38,0.138686,0,0.09854
0,,0,0,0,,0,6,0.021898,5.127966,False,0,,OBF-071,0,274,1,0,,0,10,47,0.171533,0,1,resolve-dnsname,26,42,0.153285,0,0.10219
0,,0,0,0,,0,6,0.017595,5.347559,False,0,,OBF-072,0,341,1,2,certutil,0,10,59,0.173021,0,2,certutil,31,65,0.190616,1,0.087977
0,,0,0,0,,0,6,0.021053,5.221097,False,2,mshta,OBF-073,0,285,1,2,mshta,0,10,51,0.178947,0,2,mshta,26,44,0.154386,1,0.091228
0,,0,0,0,,0,10,0.032468,5.358972,False,2,regsvr32,OBF-074,0,308,1,2,regsvr32,0,10,57,0.185065,0,2,regsvr32,31,48,0.155844,1,0.097403
0,,0,0,0,,0,10,0.034247,5.304066,False,2,rundll32,OBF-075,0,292,1,2,rundll32,0,14,54,0.184932,0,2,rundll32,26,44,0.150685,0,0.089041
0,,0,0,0,,0,6,0.017143,5.334265,False,0,,OBF-076,0,350,1,0,,0,10,58,0.165714,0,1,start-bitstransfer,30,72,0.205714,1,0.082857
0,,0,0,0,,0,7,0.020173,5.322088,False,0,,OBF-077,0,347,1,0,,0,10,53,0.152738,0,4,-nop;-noprofile;-windowstyle hidden;executionpolicy bypass,31,70,0.201729,0,0.092219
0,,0,0,0,,0,9,0.028125,5.309307,False,0,,OBF-078,0,320,1,0,,0,10,53,0.165625,0,0,,28,54,0.16875,0,0.084375
0,,0,0,0,,0,9,0.027692,5.316606,False,0,,OBF-079,0,325,1,0,,0,10,52,0.16,0,0,,31,55,0.169231,0,0.101538
0,,0,1,0,,0,10,0.02809,5.31072,True,0,,OBF-080,0,356,1,0,,64,10,48,0.134831,0,1,-nop,33,74,0.207865,0,0.098315
0,,0,0,0,,0,9,0.022005,5.216438,False,1,encodedcommand,OBF-081,0,409,1,0,,0,20,69,0.168704,0,3,-encodedcommand;-nop;encodedcommand,34,73,0.178484,0,0.090465
1,iex,0,0,0,,0,6,0.01791,4.914996,False,0,,OBF-082,0,335,1,0,,0,24,71,0.21194,0,1,iex,33,26,0.077612,0,0.107463
0,,0,0,0,,0,6,0.015267,5.096841,False,1,downloadstring,OBF-083,0,393,1,0,,0,24,84,0.21374,0,1,downloadstring,37,29,0.073791,0,0.089059
0,,0,0,0,,0,6,0.014184,5.132367,False,0,,OBF-084,0,423,1,0,,0,20,82,0.193853,0,1,invoke-webrequest,39,33,0.078014,1,0.089835
0,,0,0,0,,0,6,0.016086,5.079912,False,0,,OBF-085,0,373,1,0,,0,24,78,0.209115,0,3,amsi,35,33,0.088472,0,0.093834
0,,0,0,0,,0,6,0.016997,4.946624,False,0,,OBF-086,0,353,1,0,,0,20,69,0.195467,0,0,,33,28,0.07932,0,0.101983
0,,0,0,0,,0,7,0.015086,5.162778,False,0,,OBF-087,0,464,1,0,,0,24,87,0.1875,0,3,-nop;-noprofile;new-itemproperty,42,47,0.101293,0,0.090517
0,,0,0,0,,0,7,0.015521,5.119617,False,1,register-scheduledtask,OBF-088,0,451,1,0,,0,24,82,0.181818,0,3,-nop;-noprofile;register-scheduledtask,41,41,0.090909,0,0.095344
0,,0,0,1,get-process,0,8,0.02168,5.018745,False,0,,OBF-089,0,369,1,0,,0,20,74,0.200542,0,0,,33,35,0.094851,0,0.108401
0,,0,0,0,,0,8,0.023392,4.962583,False,0,,OBF-090,0,342,1,0,,0,20,70,0.204678,0,0,,34,33,0.096491,0,0.105263
0,,0,0,0,,0,6,0.017544,5.02932,False,0,,OBF-091,0,342,1,0,,0,20,70,0.204678,0,0,,35,29,0.084795,0,0.108187
0,,0,0,0,,0,6,0.01467,5.056053,False,0,,OBF-092,0,409,1,2,certutil,0,20,82,0.200489,0,2,certutil,40,27,0.066015,1,0.095355
0,,0,0,0,,0,6,0.016997,5.016017,False,2,mshta,OBF-093,0,353,1,2,mshta,0,20,74,0.209632,0,2,mshta,34,22,0.062323,1,0.09915
0,,0,0,0,,0,10,0.026596,5.082982,False,2,regsvr32,OBF-094,0,376,1,2,regsvr32,0,20,80,0.212766,0,2,regsvr32,39,22,0.058511,0,0.103723
0,,0,0,0,,0,10,0.02809,5.112309,False,2,rundll32,OBF-095,0,356,1,2,rundll32,0,22,74,0.207865,0,2,rundll32,34,28,0.078652,0,0.095506
0,,0,0,0,,0,6,0.014354,5.046682,False,0,,OBF-096,0,418,1,0,,0,20,81,0.19378,0,1,start-bitstransfer,39,32,0.076555,1,0.090909
0,,0,0,0,,0,7,0.016867,5.111863,False,0,,OBF-097,0,415,1,0,,0,20,76,0.183133,0,1,-nop,40,36,0.086747,0,0.098795
0,,0,0,0,,0,9,0.023196,5.056165,False,0,,OBF-098,0,388,1,0,,0,20,76,0.195876,0,0,,35,24,0.061856,0,0.092784
0,,0,0,0,,0,9,0.022901,5.077906,False,0,,OBF-099,0,393,1,0,,0,20,75,0.19084,0,0,,40,28,0.071247,0,0.10687
0,,0,0,0,,0,10,0.023585,5.163869,False,0,,OBF-100,0,424,1,0,,0,20,71,0.167453,0,1,-nop,41,71,0.167453,0,0.103774
0,,1,0,0,,0,9,0.022277,5.332603,False,1,encodedcommand,OBF-101,0,404,1,0,,0,22,74,0.183168,0,3,-encodedcommand;-nop;encodedcommand,34,71,0.175743,0,0.094059
1,iex,1,0,0,,0,6,0.018182,5.083331,False,0,,OBF-102,0,330,1,0,,0,26,76,0.230303,0,1,iex,33,40,0.121212,0,0.112121
0,,1,0,0,,0,6,0.015625,5.331587,False,1,downloadstring,OBF-103,0,384,1,0,,0,24,86,0.223958,0,1,downloadstring,36,58,0.151042,1,0.091146
0,,1,0,0,,0,6,0.014354,5.404252,False,0,,OBF-104,0,418,1,0,,0,22,87,0.208134,0,1,invoke-webrequest,39,71,0.169856,1,0.093301
0,,1,0,0,,0,6,0.016484,5.293309,False,1,amsiinitfailed,OBF-105,0,364,1,0,,0,24,80,0.21978,0,5,amsi;amsiinitfailed;amsiutils,33,56,0.153846,0,0.096154
0,,1,0,0,,0,6,0.017442,5.135614,False,0,,OBF-106,0,344,1,0,,0,20,71,0.206395,0,0,,32,44,0.127907,0,0.104651
0,,1,0,0,,0,7,0.015251,5.42519,False,0,,OBF-107,0,459,1,0,,0,26,92,0.200436,0,3,-nop;-noprofile;new-itemproperty,42,92,0.200436,0,0.093682
0,,1,0,0,,0,7,0.015695,5.35907,False,1,register-scheduledtask,OBF-108,0,446,1,0,,0,26,87,0.195067,0,3,-nop;-noprofile;register-scheduledtask,41,84,0.188341,0,0.098655
0,,1,0,0,,0,8,0.021978,5.176759,False,0,,OBF-109,0,364,1,0,,0,22,79,0.217033,0,0,,34,48,0.131868,0,0.112637
0,,1,0,0,,0,8,0.024024,5.084056,False,0,,OBF-110,0,333,1,0,,0,20,72,0.216216,0,0,,32,38,0.114114,0,0.108108
0,,1,0,0,,0,6,0.017804,5.162033,False,0,,OBF-111,0,337,1,0,,0,22,75,0.222552,0,0,,33,42,0.124629,0,0.11276
0,,1,0,0,,0,6,0.014851,5.371218,False,0,,OBF-112,0,404,1,2,certutil,0,22,87,0.215347,0,2,certutil,39,65,0.160891,0,0.09901
0,,1,0,0,,0,6,0.017241,5.248726,False,2,mshta,OBF-113,0,348,1,2,mshta,0,22,79,0.227011,0,2,mshta,33,44,0.126437,0,0.103448
0,,1,0,0,,0,10,0.026954,5.36201,False,2,regsvr32,OBF-114,0,371,1,2,regsvr32,0,22,85,0.229111,0,2,regsvr32,38,48,0.12938,0,0.107817
0,,1,0,0,,0,10,0.028169,5.28999,False,2,rundll32,OBF-115,0,355,1,2,rundll32,0,26,82,0.230986,0,2,rundll32,34,44,0.123944,0,0.101408
0,,1,0,0,,0,6,0.01467,5.354115,False,0,,OBF-116,0,409,1,0,,0,20,83,0.202934,0,1,start-bitstransfer,38,72,0.176039,1,0.09291
0,,1,0,0,,0,7,0.017241,5.35429,False,0,,OBF-117,0,406,1,0,,0,20,78,0.192118,0,2,-nop;-windowstyle hidden,37,70,0.172414,0,0.100985
0,,1,0,0,,0,9,0.023499,5.317842,False,0,,OBF-118,0,383,1,0,,0,22,81,0.211488,0,0,,34,54,0.140992,0,0.096606
0,,1,0,0,,0,9,0.023196,5.316576,False,0,,OBF-119,0,388,1,0,,0,22,80,0.206186,0,0,,38,55,0.141753,0,0.110825
0,,1,0,0,,0,10,0.023866,5.33878,False,0,,OBF-120,0,419,1,0,,0,22,76,0.181384,0,1,-nop,42,74,0.176611,0,0.107399
